-- phpMyAdmin SQL Dump
-- version 4.8.3
-- https://www.phpmyadmin.net/
--
-- Host: localhost:8889
-- Generation Time: Apr 26, 2019 at 12:57 PM
-- Server version: 5.7.23
-- PHP Version: 7.2.10

SET SQL_MODE = "NO_AUTO_VALUE_ON_ZERO";
SET time_zone = "+00:00";

--
-- Database: `snow_tricks`
--

-- --------------------------------------------------------

--
-- Table structure for table `category`
--

CREATE TABLE `category` (
  `id` int(11) NOT NULL,
  `name` varchar(255) COLLATE utf8mb4_unicode_ci NOT NULL
) ENGINE=InnoDB DEFAULT CHARSET=utf8mb4 COLLATE=utf8mb4_unicode_ci;

--
-- Dumping data for table `category`
--

INSERT INTO `category` (`id`, `name`) VALUES
(1, 'Old school'),
(2, 'Rotations'),
(3, 'Slides'),
(4, 'One foot'),
(5, 'Grabs'),
(6, 'Flips'),
(7, 'Rotations désaxées');

-- --------------------------------------------------------

--
-- Table structure for table `comment`
--

CREATE TABLE `comment` (
  `id` int(11) NOT NULL,
  `trick_id` int(11) NOT NULL,
  `date_creation` datetime NOT NULL,
  `date_maj` datetime DEFAULT NULL,
  `content` longtext COLLATE utf8mb4_unicode_ci NOT NULL,
  `user_id` int(11) DEFAULT NULL
) ENGINE=InnoDB DEFAULT CHARSET=utf8mb4 COLLATE=utf8mb4_unicode_ci;

--
-- Dumping data for table `comment`
--

INSERT INTO `comment` (`id`, `trick_id`, `date_creation`, `date_maj`, `content`, `user_id`) VALUES
(1, 1, '2019-03-28 17:41:09', NULL, 'Perspiciatis quia itaque explicabo eos omnis eveniet. Ipsam harum nesciunt sed nihil amet repellendus quod. Et consequatur expedita ut tempora suscipit enim sed.', 2),
(2, 2, '2019-04-03 09:41:17', NULL, 'Blanditiis odio et dolorem occaecati rem suscipit voluptatum. Quia vero itaque sit. Dolores dolores id veritatis sunt.', 2),
(3, 3, '2019-03-30 19:02:07', NULL, 'Autem sed officiis in nihil qui. Quis illo molestias aliquid totam.', 2),
(4, 4, '2019-04-04 00:33:21', NULL, 'Voluptatem eaque sequi error dolores at est eveniet. Dicta aut sint tempora et amet. Et nisi aspernatur et aut et.', 1),
(5, 5, '2019-03-19 10:05:37', NULL, 'Ut cumque voluptas aut esse inventore repellat. Earum dolor tempore soluta delectus totam est. Maiores harum fuga illo fugit qui.', 2),
(6, 6, '2019-01-02 01:23:42', NULL, 'Alias ex recusandae enim. Eos impedit qui doloremque nihil aperiam. Illum asperiores dolor sit ut.', 2),
(7, 5, '2019-03-14 08:25:54', NULL, 'Tenetur error facilis est in ut molestias soluta. Reiciendis ut aut ut sequi consequatur consequatur. Voluptatem qui enim perspiciatis tempore omnis consequuntur.', 1),
(8, 7, '2019-02-05 09:44:58', NULL, 'Quia et explicabo aut. Voluptatem eum omnis iure optio sint. Doloremque nihil facilis asperiores ut odio optio ut.', 2),
(9, 8, '2019-01-20 02:10:26', NULL, 'Id quod minima est architecto odio dolor. Corporis ut omnis suscipit.', 1),
(10, 9, '2019-03-14 06:50:32', NULL, 'Assumenda hic sapiente quam dolorem et. Perspiciatis blanditiis reiciendis molestiae voluptatem et id expedita. Ea odit pariatur maxime et voluptatibus.', 1),
(11, 10, '2019-03-23 22:51:12', NULL, 'Rerum iste omnis debitis laborum voluptate inventore nemo. Ex est recusandae illo ipsa molestiae asperiores doloremque saepe.', 2),
(12, 4, '2019-04-05 20:13:44', NULL, 'Consequatur fuga rerum saepe nihil quis saepe officiis. Qui consequatur placeat laborum eos ab alias iure ipsam. Eius sint sunt omnis aliquid consequatur qui.', 2),
(13, 11, '2019-01-03 04:10:07', NULL, 'Consectetur ea blanditiis et iste ab sit accusantium. Fuga eum tempora alias quia animi nihil quos.', 1),
(14, 12, '2018-12-05 21:39:05', NULL, 'Quos voluptate numquam et deleniti possimus. Eaque quod qui et asperiores in velit eligendi dolores.', 1),
(15, 1, '2019-03-18 13:47:38', NULL, 'Eum aut molestiae distinctio debitis. Voluptas velit reiciendis cupiditate et consequatur et id.', 1),
(16, 9, '2019-03-28 10:27:45', NULL, 'Ab pariatur dolor aliquam et voluptatem. Doloremque numquam dignissimos consequuntur aut officiis. Voluptates repellendus maxime reiciendis enim.', 1),
(17, 13, '2019-03-16 01:53:30', NULL, 'Voluptas et placeat vitae officiis eos dolor eos repellendus. Non tempora at accusamus consequatur aspernatur impedit. Exercitationem eveniet corrupti atque natus nostrum velit.', 1),
(18, 5, '2019-03-20 16:49:22', NULL, 'Voluptatum voluptas labore sit rerum facilis qui neque sed. Facere debitis vitae eos inventore quasi sed. Tenetur dolore qui consequatur sint ut.', 2),
(19, 8, '2019-02-21 04:42:47', NULL, 'Sit at in neque qui laborum excepturi odit. Perferendis dolore atque aut dolore deserunt.', 2),
(20, 14, '2019-03-28 13:58:14', NULL, 'Quis voluptate earum distinctio voluptas ex aliquam non error. Sit omnis dolorem amet ad. Qui cum nemo provident doloremque aperiam et ex.', 2),
(21, 15, '2019-03-03 20:26:07', NULL, 'Officiis asperiores optio odit tempora non quisquam dolor. Aut et dolores ea ipsum eos fugit sunt ipsam. Quo labore exercitationem et quod explicabo numquam sequi unde.', 1),
(22, 16, '2019-02-14 13:35:19', NULL, 'Ipsa enim cupiditate explicabo reprehenderit. Quos sed nesciunt sit voluptatem sint et.', 1),
(23, 17, '2019-03-10 17:16:56', NULL, 'Praesentium quo iure rerum officia. Voluptatem sit sit eos ad natus aut corrupti atque. Sunt animi ut iusto tenetur.', 2),
(24, 3, '2019-04-09 21:50:07', NULL, 'Et est vero est incidunt non sint. Consequuntur et iste id natus cumque sunt. Hic minus consequatur at.', 2),
(25, 13, '2019-03-26 00:04:05', NULL, 'Qui ducimus ut minus provident dolorem officia sequi. Provident omnis dolores dolorem rerum molestiae sit.', 2),
(26, 18, '2019-03-29 02:20:47', NULL, 'Ea deleniti eos eos ut maiores neque. Eaque ullam quod ipsum ipsa sapiente.', 1),
(27, 19, '2019-04-10 07:11:05', NULL, 'Aliquam expedita maxime in quos impedit. Nisi quibusdam nulla cumque soluta nostrum sed ut rerum.', 2),
(29, 21, '2019-02-21 23:50:03', NULL, 'Assumenda optio suscipit ducimus inventore non. Fuga unde eos quam. Et natus sint soluta voluptatem laudantium ut repellendus.', 1),
(30, 2, '2019-03-25 15:36:05', NULL, 'Et esse praesentium iusto maiores. Ea necessitatibus pariatur consequuntur distinctio numquam aut.', 1),
(31, 11, '2019-03-25 01:21:56', NULL, 'Autem aliquam magni corrupti quam iure nam sint. Ullam rem a aut ut sit temporibus.', 2),
(32, 16, '2019-02-25 20:12:26', NULL, 'Est sint soluta in nemo. Architecto voluptatem eum nam omnis molestiae est molestiae. Ipsam et non natus voluptates minus sequi.', 1),
(33, 2, '2019-03-23 04:21:02', NULL, 'Autem velit iusto qui aut fugit recusandae ut. Id nihil aut dolores amet. Consequatur quae dolorem quis nam officiis eligendi qui sed.', 1),
(34, 8, '2018-12-23 14:48:11', NULL, 'Incidunt rerum aperiam commodi labore autem at. Minus accusantium a minus et expedita velit. Sed odio quisquam aut quos atque est.', 2),
(35, 22, '2019-01-27 02:36:44', NULL, 'Et impedit harum incidunt neque quis aliquam. Odio ut quo non et consequatur ea aperiam. Possimus voluptates libero deserunt doloribus.', 2),
(36, 15, '2019-02-18 02:00:25', NULL, 'Accusantium ipsa maiores ea est aut. Impedit quod vitae in magnam illo hic numquam.', 1),
(37, 23, '2019-01-29 15:46:28', NULL, 'Nam non placeat aut est dolorum velit. Et labore nulla quibusdam natus hic est. Pariatur ipsam ut quia amet.', 2),
(38, 24, '2019-03-07 06:07:16', NULL, 'Hic vero qui expedita cupiditate. Quo sed ea adipisci sed. Ratione nihil impedit nobis explicabo esse reprehenderit iste.', 2),
(39, 22, '2019-03-31 16:03:51', NULL, 'Eos nisi blanditiis molestiae aut nihil maiores cupiditate quo. Placeat officia eum quidem qui. Sequi quasi atque dolores qui.', 1),
(40, 22, '2019-03-28 07:21:24', NULL, 'Autem quibusdam labore in cumque ipsam ratione. Quod atque laborum et quibusdam sapiente. Accusamus rem dolores aspernatur.', 1),
(41, 25, '2019-03-25 10:44:28', NULL, 'Magnam quia vero consequatur perferendis dignissimos nulla quo. Officiis itaque reprehenderit suscipit adipisci.', 1),
(42, 26, '2019-03-16 06:17:19', NULL, 'Ipsa aperiam qui fugit tempora. Aspernatur cupiditate et voluptas magni quam perferendis provident.', 1),
(43, 27, '2019-02-23 22:12:36', NULL, 'Nemo eveniet quos eligendi mollitia dolores est. Voluptates natus soluta ullam ab molestias eveniet.', 1),
(44, 2, '2019-04-07 23:18:26', NULL, 'Omnis et est voluptatem tempora. Doloribus sed inventore nulla. Odio ex quas rem ut.', 1),
(45, 14, '2019-01-11 15:06:02', NULL, 'Odit ut veritatis facilis voluptas. Itaque placeat incidunt laudantium vitae omnis et velit.', 2),
(46, 19, '2019-02-08 17:05:25', NULL, 'Temporibus saepe temporibus et. Eaque aut facilis corporis ut et. Odio adipisci voluptatum consequuntur eos debitis dicta.', 1),
(47, 28, '2019-03-10 13:01:46', NULL, 'Qui dolore qui repudiandae alias omnis est. Voluptates incidunt praesentium veniam eum commodi et. Nobis repudiandae qui corporis non inventore perspiciatis numquam.', 1),
(49, 29, '2019-02-20 06:35:58', NULL, 'Perferendis aspernatur minima id at ullam ducimus. Minima quibusdam error ex odio quia deleniti. Officia explicabo voluptatibus labore et.', 2),
(50, 30, '2019-03-30 07:45:54', NULL, 'Possimus reprehenderit nulla repellendus aut eum. Animi sed nulla quia cum a repellat qui.', 1),
(51, 5, '2019-03-18 22:06:34', NULL, 'Nostrum et laboriosam odit rem incidunt. Dolores cumque illum iste voluptatem quisquam minus laboriosam. Sunt in molestias in amet sed totam.', 1),
(52, 21, '2019-02-23 16:54:13', NULL, 'Quam aut quidem necessitatibus delectus voluptas. Et dolorem consequatur hic beatae laboriosam quod.', 2),
(53, 6, '2018-12-14 21:34:48', NULL, 'Magnam sit vero quidem recusandae minus neque eius. Fugit omnis quia et amet.', 2),
(54, 31, '2019-04-04 19:26:20', NULL, 'Quis molestiae illum est voluptatem ea. Id nihil voluptatibus aspernatur recusandae cum assumenda. Eos est eaque optio fugit molestiae recusandae velit.', 2),
(55, 11, '2019-01-08 16:00:30', NULL, 'Sed iure quisquam molestiae aliquam esse. Perferendis vitae a iure. Et quos quia autem eos.', 1),
(56, 27, '2019-03-28 05:42:31', NULL, 'Beatae pariatur incidunt mollitia in. Quia consequuntur tempore nostrum dolores quae totam. Numquam omnis aut aperiam omnis omnis dignissimos beatae.', 2),
(57, 21, '2019-01-20 10:29:20', NULL, 'Sit eius non accusamus possimus velit consequatur soluta. Consequatur distinctio porro omnis ex quae aut iste. Voluptates neque dolores eligendi quam consequuntur eligendi sed explicabo.', 1),
(58, 32, '2019-03-14 15:30:50', NULL, 'Qui cum ut accusantium id exercitationem odio. Nulla accusamus eveniet commodi recusandae quo.', 2),
(59, 3, '2019-03-20 13:57:22', NULL, 'Ut eos eius impedit voluptate voluptatem. Rerum quaerat consequuntur sed sit ea voluptatibus inventore. Id occaecati dolorum assumenda.', 2),
(60, 4, '2019-04-09 14:22:31', NULL, 'Provident corporis nihil modi distinctio iste. Beatae iste eaque quod distinctio.', 2),
(61, 22, '2019-02-27 07:24:15', NULL, 'Laborum fugiat laboriosam molestias dignissimos. Quis cum dolor soluta.', 2),
(62, 31, '2019-03-31 02:42:28', NULL, 'Ab omnis ducimus impedit molestiae unde odit. Id tempore similique neque fugiat laboriosam. Molestiae facilis dicta expedita et.', 1),
(63, 26, '2019-02-09 01:16:09', NULL, 'Ipsum et hic ullam soluta et. Corporis non debitis voluptas ut sit et est. Numquam aliquid ratione omnis.', 1),
(64, 33, '2019-04-10 14:13:18', NULL, 'Illo accusamus debitis et explicabo accusamus et. Sunt architecto eligendi facilis veritatis ut atque.', 1),
(65, 14, '2019-02-16 02:43:26', NULL, 'Dolorem et aut laborum quia ea eaque eveniet ducimus. Officia aut in adipisci et eos et.', 2),
(66, 17, '2019-02-11 15:28:20', NULL, 'Aut voluptas est beatae sunt pariatur iste. Accusamus voluptatum autem corporis dolor. Quia aliquid nostrum aperiam ut aut.', 2),
(67, 8, '2019-04-10 08:28:28', NULL, 'Ex assumenda at consequatur voluptatem ex porro. Et consequatur veritatis dolore esse velit consequuntur rerum. Laborum doloremque deleniti in dolores saepe et.', 1),
(69, 7, '2019-04-01 23:28:53', NULL, 'Repellat quis inventore aut laboriosam et. Sit nihil qui non labore. Quia in tempore sit in consequatur pariatur.', 1),
(71, 35, '2018-11-29 09:32:23', NULL, 'Suscipit est non ut est. Repellendus illo autem fugiat quidem fugit id ut laborum.', 1),
(72, 11, '2019-03-22 00:07:27', NULL, 'Occaecati iusto modi et cumque delectus incidunt aut distinctio. Et at eligendi exercitationem aut veniam qui in enim.', 1),
(73, 33, '2019-03-31 01:31:48', NULL, 'Non et assumenda voluptatem nisi id. Vel quibusdam perferendis et iusto voluptatum explicabo.', 2),
(74, 36, '2019-04-05 03:39:06', NULL, 'Qui aliquam eum sit qui deleniti commodi ut temporibus. Enim non ut sit eum vero quia nisi. Quo placeat libero assumenda ut delectus maxime eveniet.', 2),
(75, 30, '2019-04-10 09:54:03', NULL, 'Sunt quia est fugit cumque blanditiis est. Repellat sequi quidem perferendis eaque. Dolores similique dolorem labore mollitia enim cupiditate assumenda occaecati.', 2),
(76, 29, '2019-02-01 01:40:32', NULL, 'Fugit quidem at libero est libero consequatur. Ut culpa eos corrupti qui soluta at possimus. Laboriosam odit sit eos.', 2),
(77, 30, '2019-04-08 01:29:03', NULL, 'Consequatur repudiandae repellat iste pariatur nihil molestiae nam. Sit vel rerum similique architecto.', 1),
(78, 18, '2019-04-11 12:19:17', NULL, 'Dolor commodi harum consequuntur. Id est asperiores maiores quis adipisci veritatis officiis.', 2),
(79, 28, '2019-04-03 21:23:08', NULL, 'Excepturi reprehenderit ipsam aut fugiat porro totam. Necessitatibus deleniti dolores est aut.', 1),
(81, 17, '2019-02-17 09:27:07', NULL, 'Rerum dolorum aliquid qui est ut quo quo rerum. Debitis sint asperiores accusantium at dolor at. Rem nam minima aspernatur nihil voluptas reprehenderit esse.', 1),
(82, 37, '2019-04-10 22:09:37', NULL, 'Quae totam ab illum excepturi. Odio maiores magni atque aut maiores nulla.', 2),
(83, 13, '2019-03-14 23:16:41', NULL, 'Praesentium doloremque nihil doloribus consequatur ut nulla. Aliquam soluta recusandae assumenda velit. Voluptatem et praesentium quaerat odit quia.', 2),
(84, 38, '2019-03-27 23:03:53', NULL, 'Maxime repudiandae ut impedit quam. Consequuntur voluptatum cupiditate et fuga voluptas ipsam qui dolore.', 2),
(85, 1, '2019-03-26 17:43:47', NULL, 'Doloremque quisquam voluptatum dolor recusandae corrupti. Nobis assumenda qui asperiores officiis cum rerum pariatur ut. Qui officiis ipsum voluptate similique illum sint in fugiat.', 1),
(87, 38, '2019-03-08 17:28:34', NULL, 'Veniam magni et aut consequatur cumque est. Error delectus assumenda harum sed. Sint sint ipsa earum animi eum.', 1),
(88, 39, '2019-02-12 17:32:36', NULL, 'Doloremque suscipit vero deserunt corrupti aspernatur sed dolorum. Exercitationem magnam blanditiis eos. Molestias voluptatem exercitationem enim eum qui in veritatis.', 1),
(89, 16, '2019-02-22 22:38:43', NULL, 'Sit explicabo rerum qui eveniet consectetur. Mollitia aut eos molestiae consequatur.', 2),
(90, 2, '2019-04-09 13:01:15', NULL, 'Delectus ea vel velit qui culpa sunt rerum. At dolores sunt repudiandae non labore voluptas a nesciunt. Rerum corporis sapiente voluptatem fugit ullam facilis.', 2),
(91, 6, '2018-12-30 23:39:18', NULL, 'Qui inventore eligendi natus iure autem sed sit. Quae velit aut est sint ipsa facilis.', 1),
(92, 5, '2019-03-11 11:58:17', NULL, 'Et natus odit commodi ut aliquam praesentium eveniet. Cum ipsum perspiciatis optio nulla perferendis animi.', 1),
(93, 13, '2019-03-25 19:09:39', NULL, 'Est sapiente facilis id. Veniam ratione vel aut repellendus eaque sit laboriosam. At labore cumque cumque error quidem est.', 1),
(94, 12, '2019-01-31 21:48:46', NULL, 'Beatae dolores quo est reprehenderit. Quasi rerum quasi et incidunt repellendus deserunt. Architecto omnis placeat qui omnis soluta deserunt.', 1),
(95, 12, '2019-03-28 10:11:34', NULL, 'Dolor voluptas dolor fugit saepe sapiente autem cumque. Itaque dolorem quia itaque iusto quia aliquid.', 1),
(96, 19, '2019-01-31 18:43:47', NULL, 'Laboriosam error libero repellendus molestiae rerum id et. Ad modi voluptatem ad totam voluptatibus.', 2),
(97, 21, '2019-02-12 02:20:25', NULL, 'Voluptas facere ad porro recusandae tempora enim voluptatem. Distinctio tenetur nobis necessitatibus. Vero quos et incidunt atque.', 1),
(98, 23, '2019-02-07 19:08:37', NULL, 'Sapiente vel possimus minus dolores. Laudantium eveniet unde doloremque ipsum reiciendis ut hic. Sapiente iure similique tempore odio voluptates voluptatem necessitatibus.', 1),
(99, 31, '2019-04-01 16:22:30', NULL, 'Qui at quasi ut doloremque quisquam. Molestiae quia illum occaecati ipsa. Veritatis error impedit dolores illo possimus debitis.', 1),
(100, 40, '2019-03-22 07:35:59', NULL, 'Cumque amet tempore atque soluta quo illo maiores. Numquam doloremque modi est atque eius accusamus.', 1),
(101, 38, '2019-03-23 16:39:10', NULL, 'Quas vel eos aliquid earum quis. Et enim vero ut sunt distinctio eveniet et. Voluptatum nihil voluptates neque magnam quia voluptatibus voluptas architecto.', 1),
(102, 13, '2019-04-02 21:45:04', NULL, 'Quis inventore nihil dolores molestias suscipit. Accusamus voluptate ea nobis dolore sapiente et iusto. Sit error sunt vel voluptatem officiis.', 2),
(103, 9, '2019-04-06 02:03:03', NULL, 'Qui molestiae qui aut impedit. Ut voluptas exercitationem hic error et. Libero enim laudantium voluptatem nemo natus.', 1),
(104, 1, '2019-03-28 21:37:00', NULL, 'Aut repellendus voluptatem temporibus consequatur consequatur. Dolorem sint natus et velit voluptatem aspernatur beatae. Aut consequuntur eum mollitia natus atque laborum ipsa.', 1),
(105, 2, '2019-03-31 08:36:24', NULL, 'Quibusdam nemo quia expedita molestias commodi. Numquam quidem odio alias dicta quis magnam voluptas ipsam.', 1),
(106, 26, '2019-01-15 12:37:30', NULL, 'Perferendis placeat reiciendis voluptatem quo voluptas. Aspernatur et quo nobis quo quod nam et occaecati. At ex quia voluptatum.', 1),
(107, 41, '2019-04-09 08:48:33', NULL, 'Est porro harum voluptatem placeat dolore eos deleniti. Debitis officiis occaecati est laboriosam occaecati iusto.', 1),
(108, 42, '2019-03-22 10:17:25', NULL, 'Iste aut ullam autem et dolorem quis deleniti. Ratione modi nesciunt rem nisi est et hic ut.', 2),
(109, 11, '2019-03-30 01:23:36', NULL, 'Ea adipisci illum reiciendis. Iusto doloremque esse voluptatem fugiat debitis qui in veniam. Non reprehenderit corrupti quas et qui aut iusto.', 1),
(110, 38, '2019-04-03 16:22:55', NULL, 'Quae quasi eos neque sint dolorem voluptas error veniam. Sit aperiam eveniet nulla accusamus consequatur nulla voluptatem. Magnam rerum ut accusamus in optio soluta.', 2),
(111, 18, '2019-02-10 18:52:40', NULL, 'Voluptatum et nemo sed ex incidunt deserunt veniam commodi. Ad fuga eius sed expedita debitis enim.', 1),
(112, 4, '2019-04-05 04:29:39', NULL, 'Earum omnis ipsum doloremque tenetur error. Minima quo non aliquam libero quia.', 2),
(113, 31, '2019-04-02 01:56:40', NULL, 'Ut et doloribus vel et corporis aut illo molestias. In consectetur qui vero. Asperiores quia expedita temporibus et optio pariatur enim.', 2),
(114, 24, '2019-03-09 01:32:35', NULL, 'Et nobis libero neque ipsa ut. Saepe deserunt repellendus minima dolor consequatur.', 2),
(115, 14, '2019-04-04 20:52:27', NULL, 'Laboriosam quia nam voluptatibus vitae qui. A fugit consequatur qui quis. A omnis consequatur dolor libero odio.', 1),
(116, 43, '2019-02-23 03:44:58', NULL, 'Provident enim aut deserunt voluptatibus dolor praesentium eius. Est vel laudantium culpa quos explicabo modi.', 2),
(117, 10, '2019-04-05 01:54:30', NULL, 'Explicabo repudiandae in vero et modi sint nam quos. Sunt ut id dolor mollitia voluptates voluptatem. Non nemo provident adipisci sapiente.', 1),
(118, 4, '2019-04-02 08:54:06', NULL, 'Est incidunt non temporibus consequatur reprehenderit quasi. Doloremque optio nulla amet dolor quia officia quo.', 2),
(119, 11, '2019-01-23 06:27:00', NULL, 'Culpa impedit quas maxime magni error quae. Sunt reiciendis perspiciatis dolor est qui asperiores.', 2),
(120, 10, '2019-04-03 23:22:00', NULL, 'Sint aut molestias deserunt exercitationem est aut. Soluta quod distinctio cum in omnis eligendi error consectetur. Beatae et reprehenderit quos atque tempora delectus quia ut.', 2),
(121, 22, '2019-02-08 11:33:43', NULL, 'Harum deserunt qui possimus eum officia. Voluptas maiores ut molestias. Aut quae veniam nostrum ut qui rem.', 1),
(122, 24, '2019-03-29 08:39:46', NULL, 'Aliquam ab recusandae sint ea. Non quo error est. Voluptas qui non ut qui.', 1),
(123, 26, '2019-01-17 19:00:50', NULL, 'Nesciunt occaecati voluptatem repellat officia est voluptatem. Fugit porro est vero sit sed.', 1),
(124, 43, '2019-03-24 07:30:41', NULL, 'Temporibus ex aut numquam vel suscipit rerum quisquam fuga. Inventore maxime error temporibus debitis culpa officia iste.', 1),
(125, 44, '2019-04-08 19:34:35', NULL, 'Nobis qui ratione fugiat sunt. Aut expedita et vero veritatis et iure est. Assumenda laborum et sequi ut est.', 1),
(126, 36, '2019-02-17 22:54:58', NULL, 'Non sapiente ut id illo. Quod qui aut non unde aut atque ratione. Ut ad in perspiciatis.', 1),
(127, 37, '2019-04-05 22:54:47', NULL, 'Sed quis et eos animi beatae non qui accusantium. Beatae debitis perspiciatis est. Autem impedit repellendus voluptates quo sunt voluptatum.', 1),
(128, 45, '2019-03-15 06:25:12', NULL, 'Cumque autem eos adipisci reiciendis quidem ut. Dicta est autem dolorem ipsa beatae maiores.', 1),
(129, 9, '2019-03-25 16:55:18', NULL, 'Temporibus voluptas est deserunt. Voluptatum totam sit ratione aut.', 1),
(130, 21, '2019-04-09 11:26:54', NULL, 'Officiis laborum architecto fugiat impedit aliquid velit magnam. Doloribus molestiae quia laborum. Qui ullam nihil non nam explicabo.', 1),
(131, 4, '2019-04-02 00:28:48', NULL, 'Fuga voluptates optio suscipit cum. Dolorum provident nihil illo ipsam.', 2),
(132, 19, '2019-03-04 08:10:25', NULL, 'Eligendi voluptatem quam eum aut temporibus animi omnis sequi. Ut perferendis magnam voluptatem nobis.', 2),
(133, 16, '2019-02-14 02:49:43', NULL, 'Dolorem assumenda ad quam est sapiente exercitationem. Nostrum tempora cupiditate nobis voluptatum. Et enim reprehenderit ullam necessitatibus ipsam est voluptates veritatis.', 1),
(134, 38, '2019-01-11 11:49:11', NULL, 'Sed qui rerum excepturi sit hic incidunt illo. Iusto non consequatur aut nam aut facere pariatur. Reiciendis dolore repellendus at recusandae sunt cum.', 2),
(135, 25, '2019-03-15 14:55:31', NULL, 'Impedit libero qui blanditiis minima necessitatibus quia eum fugit. Quae eius ut autem mollitia accusamus ratione.', 1),
(136, 32, '2019-01-23 04:07:47', NULL, 'Libero consequatur ipsa ea sequi consequatur est. Nihil sit iure omnis aut. Numquam ullam molestias quod ea repellat.', 2),
(137, 4, '2019-03-31 20:52:27', NULL, 'Molestiae quod itaque sit explicabo fugiat amet. Nemo aut quos fuga rerum. Suscipit officia ex aspernatur aut.', 2),
(138, 19, '2019-03-18 23:32:55', NULL, 'Nemo corrupti saepe dolore atque vero eos. Dolor quis sit eum accusantium quibusdam nisi.', 1),
(139, 12, '2019-03-22 17:19:30', NULL, 'Et ut est ad et itaque consequuntur. Nisi totam fugiat nihil architecto unde repellendus.', 1),
(140, 39, '2019-03-14 02:44:58', NULL, 'Sunt numquam at inventore quis magni. Ut in nesciunt aut ea quas. Aut autem aspernatur perspiciatis omnis a error eveniet.', 1),
(141, 43, '2019-01-12 06:11:01', NULL, 'Facilis nihil laboriosam voluptas dicta. Mollitia error voluptas placeat. Nobis est voluptas tenetur eos suscipit.', 1),
(142, 15, '2018-11-29 23:51:03', NULL, 'Sed sunt impedit illo officia. Debitis ut sed et amet tempora. Sed expedita id hic qui rem.', 1),
(143, 29, '2019-03-24 17:57:23', NULL, 'Et fuga pariatur repellat maxime illo voluptatem. Quia voluptatem vero illo et.', 2),
(144, 23, '2019-03-13 22:00:42', NULL, 'Est omnis ut aut eos dolor. Quia reiciendis cum unde.', 2),
(145, 32, '2019-04-10 07:47:49', NULL, 'Architecto alias ut et repellendus. Voluptatibus mollitia aliquid accusantium iure ullam. Et et optio distinctio facilis provident.', 2),
(146, 40, '2019-02-20 03:22:13', NULL, 'Incidunt sequi sapiente id error et dolor. Repellat aspernatur eum sunt optio omnis.', 2),
(148, 23, '2019-01-23 04:48:50', NULL, 'Vel aut ea est dolorum ut ut aut sint. Tenetur ut velit exercitationem aperiam et soluta ratione. Qui cumque velit rem a rerum vitae ex.', 1),
(149, 33, '2019-04-02 02:33:55', NULL, 'Blanditiis odit sed dicta non. Qui consequuntur exercitationem nostrum. Harum similique cum aliquam qui tenetur fugit distinctio.', 2),
(150, 3, '2019-03-30 04:28:31', NULL, 'Iste beatae et rerum velit. Dicta libero maiores rerum similique eum quia. Vero id labore alias itaque omnis consectetur.', 1),
(151, 39, '2019-03-27 09:36:17', NULL, 'Non dolor vel culpa. Quia nam tenetur odit ducimus commodi. Est quo ducimus sunt molestiae.', 1),
(152, 11, '2019-02-25 06:47:20', NULL, 'Dicta eligendi consequatur id libero nam. Voluptatem rerum rerum recusandae quaerat sint et ut quaerat. Odit quia debitis dolorem est cumque.', 2),
(153, 39, '2019-03-19 07:38:41', NULL, 'Et facere sit esse. Et voluptas voluptatum sint aut eligendi aperiam nesciunt.', 2),
(154, 39, '2019-03-27 02:24:08', NULL, 'Laboriosam saepe tenetur eum eum ab doloremque quia. Tenetur sed qui sunt reprehenderit sed veniam. Iste voluptate illum magnam vero.', 2),
(155, 45, '2019-01-12 09:11:59', NULL, 'Dicta ipsa repellat sapiente voluptas consequatur illum inventore. Beatae voluptas laborum at sint impedit quisquam illum. Et similique aspernatur recusandae consequatur molestiae reiciendis.', 1),
(156, 38, '2019-02-22 23:05:08', NULL, 'Quae aut iste modi vitae iste. Fuga ut sapiente aut.', 2),
(157, 16, '2019-03-26 02:07:53', NULL, 'Voluptates vitae incidunt veritatis dolor ducimus inventore. Ad veniam quo autem id. Suscipit tenetur consequatur aut dolor deleniti magni.', 2),
(158, 22, '2019-03-11 18:57:45', NULL, 'Totam veritatis ut error et mollitia voluptatibus beatae. Voluptatem rerum tenetur quisquam aut qui perspiciatis sit.', 2),
(159, 42, '2018-12-24 16:38:23', NULL, 'Voluptatibus est velit quam esse dolores. Ut impedit vel beatae deleniti nobis autem. Id commodi laboriosam commodi qui neque et ratione.', 2),
(161, 22, '2019-03-21 19:03:45', NULL, 'Quibusdam reiciendis fuga sit omnis aspernatur. Consequuntur nisi ab et saepe autem reprehenderit eaque. Labore praesentium sapiente qui et et qui.', 2),
(162, 44, '2019-02-20 04:45:08', NULL, 'Qui neque voluptas quae enim. Error asperiores commodi qui nisi nihil dolores.', 1),
(163, 4, '2019-04-02 11:47:18', NULL, 'Sunt ut sint veniam tempore. Aut voluptates similique asperiores voluptatem voluptatem magni. Provident iure omnis quos et nisi ad sunt.', 2),
(164, 25, '2019-03-23 10:29:43', NULL, 'Fuga illo rerum ea ullam sed ut praesentium. Minima natus et perspiciatis est. Voluptatem suscipit est autem voluptatem.', 1),
(165, 42, '2019-03-24 22:08:31', NULL, 'Ut nulla est tempora ut temporibus natus fuga sed. Pariatur ea numquam ut voluptatem blanditiis id hic.', 1),
(166, 35, '2018-12-17 04:52:13', NULL, 'Accusantium voluptas aut pariatur qui. Labore dolorem deleniti iure nesciunt fugit rerum corrupti vero.', 2),
(167, 9, '2019-03-16 02:26:56', NULL, 'Et dolore perferendis distinctio ullam esse. Laudantium est fugit quidem facere. Officia error est dolore consectetur ducimus.', 1),
(168, 8, '2019-03-26 14:42:24', NULL, 'Architecto omnis praesentium et repellat. Exercitationem hic laudantium libero aut placeat rem.', 1),
(169, 23, '2019-02-27 05:28:15', NULL, 'Aut nisi dignissimos eos magni voluptate fugiat. Magni et deserunt eveniet sint et. Ullam doloremque a eum qui suscipit voluptas necessitatibus.', 1),
(171, 3, '2019-03-29 19:25:33', NULL, 'Quidem qui eligendi explicabo provident. Deserunt maiores aliquam eaque vero.', 1),
(172, 7, '2019-03-12 15:25:06', NULL, 'Et quaerat est voluptate voluptatibus et. Sed et natus ipsam.', 2),
(173, 22, '2019-01-16 02:38:16', NULL, 'Quaerat nihil exercitationem voluptatem dolorum voluptate. Possimus corrupti exercitationem dolorem dolor accusamus ut illo. Ut omnis possimus aperiam optio.', 1),
(174, 14, '2018-12-31 08:36:10', NULL, 'Et sit sint soluta corporis et. Ea similique possimus provident quo iste et quis voluptatem. Fugit ipsum natus unde dignissimos inventore voluptates.', 2),
(175, 19, '2019-03-09 01:27:39', NULL, 'Velit fugit aut consequatur placeat quae. Porro consequatur facere optio.', 1),
(176, 5, '2019-03-16 12:31:58', NULL, 'Tempore nisi natus doloribus beatae quis incidunt expedita. Voluptatem culpa voluptatem accusamus voluptate sint iste aut.', 2),
(177, 43, '2019-01-05 08:48:23', NULL, 'Sed impedit magni omnis et quia consectetur dignissimos. Alias soluta adipisci labore autem magni voluptates et. Eaque ratione aut est minus tenetur.', 1),
(178, 21, '2019-04-11 07:03:53', NULL, 'Pariatur vero aut pariatur velit. Quaerat totam minima nemo. Esse voluptas iure ipsum corrupti delectus consequuntur quisquam fuga.', 2),
(179, 12, '2018-12-29 10:30:37', NULL, 'Molestias ea voluptatibus inventore unde quos. Dolorem reiciendis ad alias quia beatae officiis molestiae. Inventore voluptates eos aut tempora hic rem optio.', 1),
(180, 8, '2019-01-24 13:27:59', NULL, 'Asperiores voluptates aut repellendus aliquam officiis libero ut doloribus. Ducimus quae natus maiores. Quam vel amet quaerat esse occaecati.', 1),
(181, 39, '2019-03-17 21:38:11', NULL, 'Dicta est placeat est debitis. Dolores quas officiis corporis mollitia corporis cumque omnis. Ullam reprehenderit voluptates aut ab.', 1),
(182, 13, '2019-03-14 10:02:06', NULL, 'Modi exercitationem et sed minima. Architecto rem dicta dolore.', 2),
(184, 19, '2019-03-29 09:48:28', NULL, 'Minus velit culpa doloribus. Enim sed autem sunt velit labore ut corrupti.', 2),
(185, 40, '2019-01-08 04:29:16', NULL, 'Nobis rerum numquam earum et quia aspernatur. Voluptatum nobis esse molestiae voluptate eos praesentium.', 1),
(186, 17, '2019-03-28 20:30:11', NULL, 'Est eos eligendi eos unde quidem itaque repudiandae. Ut neque ad cumque officia at et.', 1),
(187, 8, '2019-03-28 07:20:42', NULL, 'Omnis culpa minus autem asperiores praesentium numquam. Recusandae optio delectus illum minus et architecto.', 2),
(188, 45, '2019-03-07 19:11:49', NULL, 'Illum dicta voluptatum similique earum delectus beatae alias. Dolorum adipisci distinctio iste qui fuga.', 1),
(189, 26, '2019-02-18 04:50:14', NULL, 'Odio est consequatur quod non aspernatur corrupti odio. Natus consequatur excepturi maiores dolorum. Non omnis sed ut quo et enim non.', 2),
(190, 5, '2019-03-22 00:21:13', NULL, 'Asperiores laudantium qui quam perferendis. Et repellat quo corporis nesciunt et facere voluptatum.', 2),
(192, 38, '2018-12-11 21:05:52', NULL, 'Minima facilis in placeat et laudantium aut. Ad ipsam quam odit. Porro quam illo totam pariatur et.', 2),
(193, 38, '2018-12-12 14:44:31', NULL, 'Fuga facere corrupti aliquam aut deserunt nostrum laboriosam. Ea enim et esse quo nostrum fuga unde.', 1),
(194, 10, '2019-03-22 12:06:49', NULL, 'Rerum saepe et ut accusantium sit vitae dolorem inventore. Impedit non iure at accusantium omnis et dicta.', 2),
(195, 29, '2019-01-31 12:55:14', NULL, 'Quo voluptate nemo rerum eos id ab nihil et. Cum repudiandae eveniet voluptate itaque at tempore quaerat aut.', 2),
(196, 28, '2019-03-30 01:04:23', NULL, 'Molestiae necessitatibus inventore eveniet est itaque ut. Totam nam omnis quisquam exercitationem est eum possimus ipsum. Sint excepturi tempore rerum eum dolore.', 2),
(197, 4, '2019-04-05 05:51:33', NULL, 'Qui incidunt et sed cupiditate officia alias recusandae consequatur. Expedita quasi quasi eligendi reiciendis sit autem nemo laudantium.', 2),
(198, 4, '2019-04-03 20:03:43', NULL, 'Qui vero ex accusantium vel odio odio dicta. Illo delectus dolor fugiat est.', 1),
(199, 40, '2019-01-10 23:52:37', NULL, 'Sed aut illum doloribus magni. Perspiciatis aut nihil ipsam impedit.', 1),
(200, 38, '2018-12-28 07:55:54', NULL, 'Porro labore adipisci temporibus eius enim maiores. Amet qui similique sint ut est officia odio.', 1),
(201, 14, '2019-03-09 21:17:46', NULL, 'Id omnis atque nobis tempore quas maiores. Quam recusandae voluptatibus alias tenetur cupiditate aut. Quisquam excepturi aspernatur magnam nemo sed velit voluptatem.', 1),
(202, 9, '2019-03-12 04:37:56', NULL, 'Eaque nihil quia nesciunt cumque laudantium vitae. Ut porro est laudantium autem eius cum et.', 2),
(203, 14, '2019-03-20 19:00:39', NULL, 'Quisquam quam voluptatibus sit. Ut est repudiandae rerum et est in dicta. Dolor dolorem corrupti consequuntur dolores ea neque fugiat maxime.', 1),
(204, 24, '2019-03-29 16:59:36', NULL, 'Consequatur impedit et velit nam autem quis quod. Asperiores et eaque dicta rerum.', 1),
(205, 17, '2019-02-24 02:00:23', NULL, 'Nobis ipsa et impedit magni. Esse dolorem consequatur suscipit eligendi voluptate aliquam. Non nostrum est sed dolore et sed non vel.', 1),
(207, 4, '2019-04-09 16:57:45', NULL, 'Illo non et incidunt explicabo. Minus illum laboriosam et nesciunt.', 2),
(208, 4, '2019-04-10 20:46:18', NULL, 'Accusantium itaque ut aut voluptate quia. Sint voluptatem laborum dolor iusto.', 1),
(209, 2, '2019-04-02 14:52:38', NULL, 'Delectus mollitia iusto eveniet rem tenetur. Commodi sit doloremque ex deserunt. Numquam in qui voluptas.', 2),
(210, 10, '2019-04-08 05:16:16', NULL, 'Eum eum est aut ut. Ipsam ab occaecati deleniti nemo a qui quas. Enim voluptatem non aut dolores corrupti.', 2),
(211, 42, '2018-12-25 02:56:23', NULL, 'Autem ducimus laboriosam itaque nemo consequatur vel omnis eius. Voluptas odio rerum fugiat unde qui a. Et eos aut aut sint autem et.', 1),
(212, 30, '2019-04-06 02:20:25', NULL, 'Et et sed ducimus laborum. Sit dicta dolores dolores voluptatem illo labore eaque id. Est rerum est dignissimos dolores.', 1),
(213, 35, '2018-12-01 14:29:45', NULL, 'Ipsa sint ut esse rerum voluptatem quis. Qui nostrum nesciunt quas. Quis id consequatur eos non.', 1),
(214, 11, '2019-04-01 10:05:49', NULL, 'Voluptas odio minus iste natus qui. Animi nemo nisi cum fugit.', 1),
(215, 33, '2019-04-11 12:20:08', NULL, 'Eligendi et ut incidunt. Est voluptatem ratione et est.', 2),
(216, 23, '2019-02-06 12:47:10', NULL, 'Eum aut eaque dicta nostrum optio magni. Perferendis optio numquam nihil. Velit deserunt ut quae.', 2),
(217, 15, '2019-03-31 22:44:07', NULL, 'Delectus sit enim libero id. Quis consequatur quo aut qui omnis.', 2),
(218, 32, '2019-01-10 09:02:18', NULL, 'Officiis qui consequatur iste et aut. Illum ut reiciendis odio est illum at voluptatibus dolorem. Voluptas consequatur exercitationem unde aliquid.', 1),
(219, 19, '2019-02-22 17:12:07', NULL, 'Occaecati alias voluptatibus neque sint expedita. Labore ut dignissimos nam rerum accusantium quibusdam omnis. Architecto ea hic eligendi fugit ipsam dolore aut.', 1),
(220, 27, '2019-04-09 18:10:27', NULL, 'Sit sunt non quo pariatur nobis. Doloribus distinctio dolor ut est. Aut vitae omnis libero quo est.', 2),
(221, 33, '2019-04-06 22:18:30', NULL, 'Id totam a illum eum hic et mollitia. Voluptates reprehenderit quia facilis tempore doloremque consequatur. Quisquam quidem dolorum adipisci labore.', 2),
(222, 27, '2019-03-16 20:19:20', NULL, 'Beatae dolores qui quia hic nihil voluptatem nihil. Est similique qui quibusdam numquam molestiae minus ut esse. Et numquam voluptate neque reiciendis vitae pariatur illum magnam.', 2),
(223, 36, '2019-02-20 03:30:25', NULL, 'Voluptas sapiente aut voluptas. Asperiores et officiis quaerat et voluptates.', 1),
(224, 28, '2019-03-04 08:35:49', NULL, 'Dolorem et occaecati eos non totam. Nam dolores dolor id rerum minima temporibus. Culpa doloremque harum ducimus occaecati delectus soluta architecto.', 2),
(225, 13, '2019-03-12 11:38:00', NULL, 'Consequatur iusto qui veritatis ut. Voluptatem dolore laudantium voluptates porro. Ea dignissimos quis at natus quidem aut molestiae.', 1),
(226, 17, '2019-02-05 03:58:36', NULL, 'Est repellat et necessitatibus eum. Nesciunt quidem itaque voluptatem. Sed et quod dignissimos officiis sint consequuntur aut.', 1),
(227, 19, '2019-03-19 09:11:00', NULL, 'Et et libero et. Et aut aut quia qui est magnam.', 2),
(228, 29, '2019-02-13 08:37:24', NULL, 'Consequatur optio necessitatibus expedita fugit. Qui dolorem est dolores sit aliquid atque ducimus. Beatae tempore illum temporibus laboriosam.', 2),
(229, 36, '2019-02-18 05:13:33', NULL, 'Iure pariatur qui vel fugiat. Rerum omnis et nam labore minima.', 1),
(230, 32, '2019-03-11 17:42:42', NULL, 'Optio magnam nihil sed consequatur. Corporis et dolor ipsam numquam est laborum vero.', 1),
(231, 8, '2019-02-04 09:33:15', NULL, 'Eum omnis fugiat rem iste fugiat. Aut aperiam dolorum dolor quas nobis quibusdam.', 1),
(232, 5, '2019-04-02 08:15:26', NULL, 'Itaque voluptas aut deleniti reiciendis. Nostrum reprehenderit sint eos et. Eligendi omnis voluptatem voluptas commodi vel consequuntur.', 2),
(233, 6, '2019-03-12 18:37:18', NULL, 'Deserunt fuga dignissimos et culpa porro natus. Animi quia eveniet ut ut. Ut nesciunt pariatur autem assumenda distinctio.', 1),
(234, 29, '2019-02-11 21:59:30', NULL, 'Rem tempora excepturi recusandae ex. Dolores blanditiis quia aliquid dolores molestiae rerum.', 2),
(235, 16, '2019-01-30 04:43:27', NULL, 'Iusto maiores quas repudiandae reiciendis nemo nulla. Ratione culpa veritatis cum consequatur.', 2),
(236, 26, '2019-01-25 16:32:48', NULL, 'Nam tempore dolor laudantium. Magnam eveniet ducimus totam repellat ullam maxime vitae.', 2),
(237, 30, '2019-04-06 23:06:17', NULL, 'Sunt doloremque beatae voluptas dolorum voluptate iusto qui odio. Corrupti in voluptate libero sint qui totam repudiandae. Officiis ullam doloremque tempora atque non et voluptates pariatur.', 2),
(238, 7, '2019-02-16 22:06:37', NULL, 'Itaque harum iure eius asperiores vero temporibus. Aut dolorem sed exercitationem voluptatem consequuntur. Eos neque fugiat rerum corrupti at.', 2),
(239, 39, '2019-03-20 22:56:25', NULL, 'Aut sed aperiam cum. Eum fugiat sed consectetur qui et qui et. Explicabo veniam eum earum illo.', 2),
(240, 4, '2019-04-02 08:44:30', NULL, 'Ipsam et dolores deleniti sint. Minus deleniti consequatur tenetur mollitia dignissimos.', 2),
(241, 3, '2019-03-24 13:40:21', NULL, 'Consequuntur et fuga unde accusamus. Suscipit aut voluptatibus aperiam cupiditate.', 1),
(242, 32, '2019-01-04 08:49:29', NULL, 'Soluta porro ea numquam atque provident in. Corrupti omnis recusandae reprehenderit fugiat. Aut impedit ut ab eum et.', 2),
(243, 11, '2019-03-16 05:10:42', NULL, 'Fugiat corrupti nisi necessitatibus ipsum aliquam quam. Architecto et eum iusto architecto adipisci. Asperiores et adipisci velit inventore ut quos tenetur officiis.', 2),
(244, 24, '2019-03-15 23:53:35', NULL, 'Est quidem sequi consequatur magni cum. Eveniet rem sed qui rerum repudiandae culpa.', 2),
(245, 39, '2019-02-14 20:48:35', NULL, 'Eum similique eos ipsum tenetur sequi facilis ut. Nihil est eum vitae impedit quasi doloremque.', 2),
(246, 37, '2019-04-11 10:32:13', NULL, 'Illum omnis labore sed fuga totam non. Quis et fugit voluptas soluta nemo totam. Velit et libero minus voluptatem est illo aut.', 1),
(247, 38, '2018-12-05 21:01:56', NULL, 'Quia voluptate quasi fugiat dolorem commodi. Eos voluptatum delectus omnis id.', 1),
(248, 10, '2019-04-03 08:13:32', NULL, 'Autem est omnis similique iusto. Autem consequatur omnis rerum eum delectus. Maxime omnis doloremque ea adipisci.', 1),
(249, 43, '2019-01-12 11:42:46', NULL, 'Dignissimos facilis delectus aliquam asperiores omnis neque assumenda delectus. Voluptatem enim qui iste similique.', 2),
(250, 7, '2019-03-27 12:51:13', NULL, 'Ducimus ipsum vitae eum voluptates aut. Et fugiat iste magni labore sunt exercitationem itaque. Ut inventore et ea est dignissimos ratione iusto.', 2),
(251, 24, '2019-03-13 13:54:36', NULL, 'Ea odit voluptas qui. Nihil distinctio explicabo doloremque ipsum quia.', 2),
(252, 44, '2019-03-23 04:59:58', NULL, 'Cum tempora aut fugiat omnis. Vel qui voluptates modi molestiae quaerat occaecati. Sed enim corporis aperiam inventore libero quos ducimus.', 2),
(253, 19, '2019-02-03 05:28:09', NULL, 'Quis et qui assumenda nemo vitae. Aut doloribus numquam quia quia totam. Libero aut odio qui fugiat consequatur omnis.', 1),
(254, 19, '2019-04-05 08:34:21', NULL, 'Laudantium dolor at eos ea vel. Aliquam aspernatur voluptas necessitatibus accusantium ut.', 2),
(255, 16, '2019-03-30 13:50:22', NULL, 'Modi qui ex est. Aut debitis quos temporibus sit delectus inventore et.', 2),
(256, 19, '2019-03-01 10:12:31', NULL, 'Vel ipsa nostrum ex esse. Ducimus rem adipisci vitae qui omnis et ratione. Reprehenderit sequi suscipit reprehenderit illo quod inventore.', 2),
(257, 31, '2019-04-09 13:29:48', NULL, 'Ut voluptates suscipit animi est aspernatur quibusdam. Eos nihil eligendi vitae. Rerum provident reiciendis consequatur pariatur.', 2),
(258, 5, '2019-03-18 20:24:58', NULL, 'Modi est eveniet aut eum autem unde. Quidem temporibus aut libero facilis nisi nihil.', 1),
(259, 2, '2019-04-01 08:27:14', NULL, 'Perspiciatis aspernatur placeat asperiores itaque enim est libero. Ut rerum repudiandae qui illum sed minima voluptates ut.', 2),
(260, 15, '2019-01-19 14:26:20', NULL, 'Et repudiandae deserunt eius dolor in facere. Aut aut corrupti nulla et quidem vel. Ut debitis voluptatem quaerat.', 2),
(261, 15, '2019-01-31 05:15:40', NULL, 'Labore distinctio deleniti est voluptates officia dicta. Et ut molestias ea quam sequi minima. Maiores ratione aut ea animi debitis qui reiciendis.', 2),
(262, 28, '2019-03-10 22:15:22', NULL, 'Fugiat est blanditiis dolores earum. Vel enim aut id voluptates placeat quia illum.', 2),
(263, 22, '2019-03-19 12:07:48', NULL, 'Repellat maxime sit laudantium nesciunt sunt illo sit. Cum qui molestias magnam laboriosam amet voluptas id.', 1),
(264, 44, '2019-03-03 06:25:24', NULL, 'Perferendis vero placeat rerum provident perferendis voluptatem in vel. Facere occaecati sunt neque deserunt nisi magni. Quod est voluptatem architecto corporis non impedit harum.', 2),
(265, 31, '2019-03-30 10:14:38', NULL, 'Quaerat quae nisi rerum placeat perferendis quasi. Libero voluptatem ut cum ducimus et cupiditate. Esse commodi consequatur ipsa.', 2),
(266, 41, '2019-04-07 23:03:02', NULL, 'Voluptate quis aut dolorum et. Fuga voluptatem accusamus amet dicta. Exercitationem reiciendis soluta eligendi et velit laborum perspiciatis.', 1),
(267, 43, '2019-03-28 19:07:07', NULL, 'Illo et atque nobis est quaerat provident nostrum. Consectetur et pariatur qui cupiditate eum nobis. Cum aut tempore quis voluptatem veritatis doloribus odit.', 1),
(268, 43, '2019-04-04 04:23:21', NULL, 'Blanditiis amet quis neque quia nesciunt placeat accusamus. Doloremque aliquam explicabo ipsam consequatur molestias suscipit. Quo et culpa autem dolore.', 1),
(269, 8, '2018-12-28 02:56:23', NULL, 'In nihil consequuntur et. Qui temporibus eius optio quia. Et aperiam amet omnis nihil.', 1),
(270, 8, '2019-01-22 17:10:03', NULL, 'Consequatur voluptatum sit eos voluptatem placeat sed molestiae. Odit corrupti consequatur exercitationem veniam.', 1),
(271, 42, '2019-01-23 04:45:00', NULL, 'Adipisci aut esse repudiandae sequi ullam nisi. Veritatis et ex asperiores natus ipsum optio.', 2),
(272, 29, '2019-02-07 18:14:02', NULL, 'Est similique voluptas repellat quisquam doloremque neque. Illo dolorum cum possimus quo non debitis. Voluptatem at asperiores rerum nobis.', 2),
(273, 42, '2019-01-26 08:58:54', NULL, 'Aut sit tempora quas facilis doloremque. Asperiores quos qui dolor qui est eos eveniet qui. Non est error iure dolor.', 2),
(274, 8, '2019-03-14 07:25:18', NULL, 'Cum ut eos aut fugiat quia tenetur. Aut aut aut sed suscipit porro in. Ab illum rerum facere ducimus et molestiae quod.', 1),
(275, 42, '2019-03-30 11:57:21', NULL, 'Et officia officia fugit voluptatem similique harum officiis repudiandae. Esse exercitationem saepe voluptas ducimus consequatur sit. Officiis perferendis corrupti officia et numquam.', 1),
(276, 3, '2019-03-30 22:59:05', NULL, 'Dolore officiis dolores fugit blanditiis nobis. Perferendis quia voluptatem error rerum incidunt. Dolores fugit officia optio ut iste provident.', 2),
(277, 2, '2019-03-26 02:50:31', NULL, 'Corporis hic ipsum deleniti maxime. Eum sint quasi commodi facilis labore.', 1),
(278, 37, '2019-04-05 14:52:07', NULL, 'Sed sed assumenda at velit. Facere voluptatem veniam eaque consequatur. Ea non consectetur velit molestiae quis eum.', 2),
(279, 30, '2019-03-26 08:33:30', NULL, 'Est laudantium vitae sapiente enim sit quo et et. Et repudiandae culpa blanditiis accusantium.', 1),
(280, 14, '2019-01-12 17:18:33', NULL, 'Animi porro nesciunt aliquid quidem omnis et quasi numquam. Consequatur aut tenetur corporis magnam voluptas voluptatem. Neque quae vel laudantium ullam.', 2),
(281, 24, '2019-03-27 02:37:34', NULL, 'Maxime reiciendis nisi accusantium iste. Repellendus excepturi deserunt commodi maiores autem quis.', 1),
(282, 11, '2019-02-11 03:46:07', NULL, 'Laudantium possimus perspiciatis odio numquam. Tenetur qui sapiente nostrum error impedit distinctio.', 2),
(283, 11, '2019-03-12 13:04:28', NULL, 'Aut beatae pariatur et architecto quod et similique officia. Tempore molestiae culpa qui distinctio.', 1),
(284, 40, '2019-03-29 17:40:03', NULL, 'Ut est ex dicta atque. Incidunt accusamus eum ut amet nihil qui laborum.', 2),
(285, 25, '2019-03-31 19:43:22', NULL, 'Placeat voluptas occaecati iusto minus. Voluptate molestias aut hic occaecati nisi corrupti. Quo reprehenderit earum deserunt aut.', 2),
(286, 26, '2019-04-07 17:42:48', NULL, 'Voluptatem ut odit natus omnis. A dolor laudantium saepe non.', 1),
(287, 31, '2019-04-07 07:43:18', NULL, 'Debitis debitis vel amet natus sunt ut animi nam. Veniam assumenda quia ea eos accusantium non aperiam. Voluptas nobis ad occaecati enim expedita enim.', 1),
(288, 23, '2019-01-10 23:14:08', NULL, 'Qui non neque molestiae consectetur praesentium quo culpa. Aliquid fuga id sapiente quasi voluptas culpa possimus.', 2),
(289, 16, '2019-03-09 04:08:49', NULL, 'Sequi in adipisci unde voluptatem. Voluptatem dolores veritatis aut laboriosam tempore.', 2),
(290, 29, '2019-03-23 21:19:41', NULL, 'Ipsa nesciunt dolorem consectetur autem dolor. Fugit neque laboriosam voluptatum. Officiis dolorem perferendis et.', 2),
(291, 39, '2019-03-13 20:11:43', NULL, 'Soluta hic laborum sit asperiores quam magni et. Atque non perspiciatis incidunt culpa consequatur mollitia.', 2),
(292, 42, '2019-04-02 05:51:47', NULL, 'Quas quas dolore itaque molestias. Enim omnis minima placeat omnis eum dolor pariatur. Velit incidunt molestiae vel ut autem odio.', 1),
(293, 10, '2019-04-09 23:38:43', NULL, 'Sed necessitatibus ducimus ad qui. Sed ut impedit hic facere cupiditate sed. Nisi et ea rem rerum exercitationem.', 1),
(294, 30, '2019-03-27 19:34:02', NULL, 'Maiores quaerat cumque quia qui. Eaque consequuntur id et ab eligendi autem labore nesciunt.', 1),
(295, 6, '2019-02-06 07:58:22', NULL, 'Voluptatem quidem maiores numquam reiciendis et est ut. Similique et ratione qui.', 2),
(296, 9, '2019-04-10 17:51:07', NULL, 'Expedita nulla natus corporis illum. Quidem ut perspiciatis deserunt deleniti qui quis exercitationem perspiciatis.', 2),
(297, 22, '2019-02-06 06:00:36', NULL, 'Et quia qui quam dolorem. Labore ea et molestiae consectetur et. Facilis ea enim labore eos vero et distinctio.', 1),
(298, 18, '2019-01-23 15:58:05', NULL, 'Nihil vel modi fugiat error commodi corrupti. Voluptatem assumenda recusandae libero vero.', 1),
(299, 42, '2019-02-20 05:14:56', NULL, 'Iste ipsam nostrum harum. Est facere aut in blanditiis blanditiis.', 1),
(300, 2, '2019-03-22 18:25:35', NULL, 'Qui eius pariatur voluptates debitis maxime omnis. Similique sit aspernatur saepe alias quisquam commodi eos. Et ipsum occaecati et deleniti ut.', 2),
(301, 25, '2019-04-06 18:46:31', NULL, 'Necessitatibus aut aperiam voluptatem sunt laboriosam. Ut debitis perspiciatis est nihil dicta blanditiis quos.', 2),
(302, 22, '2019-01-19 10:19:01', NULL, 'Voluptas a sunt officiis quia. Autem dolorem at et officia.', 2),
(303, 24, '2019-03-08 23:07:33', NULL, 'Labore reiciendis et aut itaque dolor doloremque saepe natus. Ad sed excepturi dolore eius corporis.', 2),
(304, 31, '2019-04-04 23:23:59', NULL, 'Dolor in aut porro. Sint excepturi voluptatem quos. Magni vitae repellat officiis nihil a assumenda est.', 1),
(305, 10, '2019-04-09 17:56:11', NULL, 'Dolorem et itaque eum molestiae. Omnis ab optio aut. Autem dolore natus natus fugit id.', 2),
(306, 9, '2019-03-22 20:27:53', NULL, 'Sed quia ut dolorem veniam non voluptatem. Dolor dolorum aut accusamus deleniti expedita rem sed.', 1),
(307, 7, '2019-02-21 18:25:56', NULL, 'Molestias nesciunt ut alias dignissimos. Ad quam ducimus amet ab et suscipit doloremque.', 2),
(308, 36, '2019-02-05 04:07:40', NULL, 'Quasi rerum rerum nobis non. Illum voluptatum cumque adipisci inventore mollitia odit enim. Sit animi rerum et ipsa in ipsa et.', 2),
(309, 43, '2018-12-13 17:29:55', NULL, 'Et hic reiciendis excepturi excepturi unde dolore consectetur. Praesentium sit nisi consectetur eius ex eum neque. Vero voluptatibus non adipisci beatae quas sed fugit.', 2),
(311, 43, '2019-01-29 06:43:33', NULL, 'Amet asperiores et aut doloribus fugit voluptatem quo magnam. Harum eveniet labore officia voluptas facere. Doloribus eos dolore voluptatem est error natus.', 1),
(312, 26, '2019-02-12 00:11:53', NULL, 'Atque qui aspernatur quos. Aliquam autem similique dignissimos debitis ullam ut velit.', 1),
(313, 18, '2019-02-22 03:32:53', NULL, 'Doloribus neque aut ea veniam explicabo nesciunt consequatur. Nulla odio vel aut dicta rerum molestiae non.', 2),
(314, 36, '2019-02-05 21:36:35', NULL, 'Illum quos assumenda eius eius id. Saepe quas ut optio voluptas. Consequatur temporibus ut voluptas praesentium.', 2),
(315, 42, '2019-02-28 23:52:34', NULL, 'Rerum expedita saepe accusamus debitis ipsum molestiae. Nobis ad ipsum ullam eos ipsam laborum.', 2),
(316, 35, '2019-02-16 06:00:00', NULL, 'Sequi veritatis in molestiae id. Sint ut totam consequatur repellendus mollitia quam.', 1),
(317, 45, '2018-12-25 16:33:10', NULL, 'Veritatis quo odit recusandae cupiditate officia recusandae. Et quae blanditiis harum earum magni accusantium. Quas sed velit non.', 2),
(318, 6, '2018-12-20 06:30:47', NULL, 'Velit unde perspiciatis sit provident ab consectetur omnis. Ea magni tempora assumenda eum et aperiam consequuntur voluptas.', 2),
(320, 12, '2019-02-10 07:12:48', NULL, 'Architecto nesciunt delectus consequatur neque rerum molestiae. Cumque et provident et laudantium. Blanditiis dolor rerum eveniet magnam sint.', 2),
(321, 18, '2019-03-08 00:31:10', NULL, 'Ut dolores laborum ut deleniti pariatur ut ducimus et. Nihil placeat provident tempora minima aut rem et. Veniam officia et cum unde ex quaerat.', 1),
(322, 8, '2019-01-10 00:49:28', NULL, 'Omnis itaque labore magni esse rem omnis. Earum et aut quo adipisci numquam quia. Quo pariatur asperiores expedita.', 1),
(323, 36, '2019-02-15 09:35:50', NULL, 'Sequi deserunt ut voluptas quia consequatur repudiandae est. Sit consequatur nostrum veritatis enim.', 1),
(324, 33, '2019-04-10 02:36:05', NULL, 'Quasi omnis ipsa nemo itaque praesentium. Ut voluptatibus id labore.', 2),
(325, 37, '2019-04-10 11:57:50', NULL, 'Cum repellendus ad consectetur neque consequatur. Rerum magnam nesciunt sed consequuntur est quisquam consequatur repudiandae. Nesciunt repudiandae ut dolorem consequatur labore aut.', 1),
(326, 35, '2018-12-13 06:12:14', NULL, 'Qui commodi non est hic dolores quis ut. At voluptatem et aut corporis maxime facere et.', 1),
(327, 4, '2019-04-07 02:11:51', NULL, 'Maxime voluptate quo ut et sed. Et animi quis reprehenderit alias voluptates.', 1),
(328, 13, '2019-03-18 02:07:15', NULL, 'Est error placeat libero. At ea dignissimos autem exercitationem rerum rerum.', 1);
INSERT INTO `comment` (`id`, `trick_id`, `date_creation`, `date_maj`, `content`, `user_id`) VALUES
(329, 10, '2019-03-29 22:05:51', NULL, 'Et mollitia consequuntur ullam ut dolorem. Numquam quaerat ut maiores architecto error. Doloribus impedit corporis ut et ut.', 1),
(330, 13, '2019-04-10 13:29:58', NULL, 'Debitis soluta cumque consectetur vitae molestiae ipsum. Rerum inventore debitis atque nihil.', 1),
(331, 32, '2019-02-15 08:20:31', NULL, 'Esse quia reiciendis vel ea. Expedita magnam fugit eum alias officiis in.', 1),
(332, 12, '2018-11-23 20:27:35', NULL, 'Magnam excepturi facilis velit voluptate quo. Voluptate odio et sit dolorum quia reprehenderit facilis.', 1),
(333, 12, '2019-01-30 21:03:09', NULL, 'Neque eos ex ipsa. Vel ut totam quaerat praesentium.', 1),
(334, 26, '2019-02-18 12:23:20', NULL, 'Nesciunt sequi sit illo inventore. Est id sit eaque quos ipsum id quam ducimus.', 2),
(335, 5, '2019-03-03 05:25:12', NULL, 'Eligendi est libero et quod animi officia. Possimus cum cum assumenda temporibus rem porro nesciunt. Corrupti quo qui nesciunt inventore et qui.', 1),
(336, 41, '2019-04-05 15:07:52', NULL, 'Deleniti maiores expedita et dolor. Ratione et deserunt praesentium et saepe.', 1),
(337, 45, '2019-01-21 11:19:07', NULL, 'Minima commodi quae sequi laboriosam. Ea in et ut voluptatem.', 2),
(338, 26, '2019-03-20 22:33:06', NULL, 'Id mollitia magnam asperiores consequatur non quis labore. Dolore ex minima quis magni similique.', 1),
(339, 36, '2019-03-20 14:47:16', NULL, 'Voluptatem minima assumenda eveniet natus labore. Odio blanditiis dolorum officiis ad explicabo. Illo quo consequatur vero aut et qui.', 2),
(340, 18, '2019-03-10 23:23:00', NULL, 'Quod ut voluptas culpa veniam voluptatem temporibus. Earum voluptatem deleniti necessitatibus qui et sed unde. Corrupti ratione quo eaque earum nihil a consequuntur.', 2),
(341, 28, '2019-03-18 17:08:40', NULL, 'Est omnis in illo aut qui ipsum consequatur. Ipsam architecto voluptate laudantium quasi.', 1),
(342, 44, '2019-01-01 03:41:03', NULL, 'Consequuntur hic quis et iusto et vel. Consectetur qui aspernatur occaecati velit.', 1),
(343, 44, '2019-01-29 07:19:37', NULL, 'Dolor consequatur voluptatem aut dicta. Nihil impedit et neque eum necessitatibus ratione.', 2),
(344, 12, '2018-12-14 06:51:57', NULL, 'Ut amet aliquam autem nam quo qui ut. A recusandae pariatur repellat est.', 1),
(345, 2, '2019-03-31 19:51:21', NULL, 'Voluptas eos recusandae possimus consequatur est aut. Sunt dolores officiis omnis itaque quidem aut assumenda. Porro delectus reiciendis dolorem est.', 1),
(346, 44, '2018-12-19 12:49:52', NULL, 'A qui maxime maxime placeat saepe. Rem recusandae cupiditate doloremque eos.', 2),
(347, 30, '2019-03-23 12:41:58', NULL, 'Accusamus ut quia eius sit inventore accusantium. Minus suscipit et natus sint ratione impedit vel id. Soluta ut ullam consequatur sequi.', 2),
(348, 12, '2019-03-25 07:33:26', NULL, 'Impedit quos nemo consequuntur cum architecto. Ab dolorum ut illo vel laudantium.', 1),
(349, 41, '2019-03-31 14:31:28', NULL, 'Aliquid iusto qui neque temporibus ut. Expedita ratione similique sunt aperiam. Ipsa voluptatem in repudiandae culpa repellendus nihil.', 2),
(350, 23, '2019-02-18 09:52:10', NULL, 'Qui odit consequatur voluptates voluptatem doloremque. Vitae consequatur et culpa repellendus. Ea at dolores iusto libero quae perspiciatis quae fugit.', 1),
(351, 38, '2018-12-09 10:39:30', NULL, 'Est adipisci ut eos sunt eius eligendi aut necessitatibus. Praesentium et nulla vitae aut et et nemo quos. Consequuntur voluptatibus cupiditate sit temporibus nulla fugit.', 2),
(352, 33, '2019-03-30 17:45:04', NULL, 'Occaecati vel aliquid ut dolores. Aliquid ut quos et dolorem.', 2),
(353, 16, '2019-02-20 04:15:43', NULL, 'Esse velit pariatur ad. In qui voluptas omnis nostrum atque.', 2),
(355, 18, '2019-02-24 09:00:39', NULL, 'Non quis porro similique. Ullam saepe inventore non eos error ea.', 1),
(356, 14, '2019-02-27 12:49:48', NULL, 'Assumenda quidem inventore et delectus. Error est magni possimus atque. Sed quam qui labore sint.', 1),
(357, 37, '2019-04-04 07:52:17', NULL, 'Totam consequatur cum rem vitae ratione molestias ducimus aspernatur. Dignissimos dolor similique et eaque. Earum molestiae omnis ex quo consequatur.', 2),
(358, 43, '2019-02-21 03:32:55', NULL, 'Qui nostrum ut libero nihil explicabo suscipit voluptates est. Ab sit qui reiciendis quo vitae. Itaque ut deserunt non id ipsa.', 2),
(359, 45, '2019-02-26 15:11:53', NULL, 'Fugiat quam dolorum ullam iure cumque blanditiis maxime. Ut est cum quia voluptatem. Error odit ut in.', 2),
(360, 32, '2019-03-10 13:13:04', NULL, 'Impedit illo necessitatibus ut ab. Laboriosam aspernatur quis et et aut qui delectus distinctio. Neque dolor distinctio omnis sit rem distinctio id.', 2),
(361, 38, '2019-02-27 18:50:37', NULL, 'Voluptates dolorem sit sed aliquid. Non distinctio magnam fugit ratione enim et ullam ea.', 1),
(362, 32, '2019-01-21 06:15:11', NULL, 'Qui dolorem excepturi molestiae sed dicta. At aperiam maxime enim impedit.', 1),
(363, 23, '2019-03-03 05:25:19', NULL, 'Accusantium distinctio aperiam in culpa natus quia suscipit. Ipsum rerum omnis et.', 1),
(364, 41, '2019-04-08 16:09:34', NULL, 'Inventore debitis assumenda blanditiis. Neque voluptas ut repellat nam voluptatem laboriosam qui. Aut magni assumenda omnis incidunt atque voluptas et velit.', 1),
(365, 21, '2019-03-21 15:39:29', NULL, 'Cum ut sequi qui et consequuntur. Eum cumque in nihil possimus in. Assumenda quisquam quos nobis consequatur sed.', 1),
(366, 37, '2019-04-08 05:58:44', NULL, 'Blanditiis voluptatem molestiae quaerat consequatur nisi. Non eos quae occaecati qui. Sequi ut repudiandae nostrum esse consectetur laborum.', 2),
(367, 5, '2019-03-23 11:35:44', NULL, 'At ullam quia est in aut velit non laborum. Vero deserunt esse et.', 2),
(368, 24, '2019-03-26 01:56:27', NULL, 'Ea tempore et consequatur inventore commodi quisquam odit. Aut qui veniam necessitatibus sint libero. Minus aliquam aut hic minus officiis.', 2),
(369, 23, '2019-02-21 01:34:40', NULL, 'Accusamus delectus id animi adipisci. Eius magni rem et repudiandae. Et blanditiis omnis corrupti cupiditate ut eos quia.', 2),
(370, 15, '2019-02-20 14:04:05', NULL, 'Sint nihil temporibus iusto ratione. Quis rerum itaque autem tenetur unde in dolorem.', 2),
(371, 1, '2019-03-09 02:31:07', NULL, 'Sed eum odio eligendi dicta ad. Alias enim fuga nihil autem voluptas illum et sit.', 1),
(372, 43, '2019-03-27 17:43:53', NULL, 'Molestiae qui rerum delectus. Excepturi eum dignissimos voluptates maiores autem ullam. Deleniti omnis fugit hic aut fugiat.', 1),
(373, 38, '2018-12-08 10:24:53', NULL, 'Ea porro magnam ea magnam quia vel sed. Error commodi autem velit saepe quia eveniet praesentium.', 1),
(374, 14, '2019-01-29 13:41:50', NULL, 'Dignissimos vitae perferendis quo consectetur culpa neque non. Est iusto facilis minus quia vitae qui praesentium. Nulla et eius delectus dolore voluptates minima occaecati aut.', 1),
(375, 35, '2019-01-10 16:45:22', NULL, 'Nostrum ipsum aut aut minus similique cumque blanditiis. Numquam aliquid aut fugit voluptas nostrum. Dolorem et autem enim aperiam fugiat quo.', 1),
(376, 38, '2019-01-20 02:27:01', NULL, 'Saepe reiciendis placeat atque deserunt. Velit ex corrupti dolorem explicabo est.', 1),
(377, 27, '2019-03-26 00:38:10', NULL, 'Unde reiciendis aliquam est deserunt nisi hic qui placeat. Dolorem sequi maxime et facilis aliquid ratione. Aperiam soluta doloremque eos mollitia nihil repellat distinctio doloribus.', 1),
(378, 32, '2019-02-14 02:26:50', NULL, 'Aut quia a ut assumenda. Cumque rerum natus ducimus consequatur nemo.', 2),
(379, 22, '2019-02-24 02:54:43', NULL, 'Commodi ab possimus est magni dicta ipsum error. Animi ut minus facere doloribus.', 2),
(380, 25, '2019-03-11 05:24:27', NULL, 'Dolorem est harum soluta sint in placeat. Impedit perferendis eaque ut.', 2),
(381, 8, '2019-01-09 11:31:05', NULL, 'Non est voluptatibus quos similique magnam dolorem. Placeat ut ut eligendi neque dolores.', 1),
(382, 28, '2019-03-13 17:03:05', NULL, 'Officia doloribus quod veritatis nulla sunt minus. Et numquam rerum nulla fuga necessitatibus amet aut.', 2),
(383, 5, '2019-03-31 16:37:01', NULL, 'Suscipit labore eaque et nostrum laborum inventore. Quae ut nemo et recusandae. Nulla quod sed sit harum eos ut.', 1),
(384, 23, '2019-02-21 04:20:21', NULL, 'Voluptatem ea voluptatum at dignissimos non. Dolorum omnis aut omnis sapiente magnam corporis qui voluptatem. Voluptate ad vel perferendis sit.', 1),
(385, 42, '2019-01-20 19:33:35', NULL, 'Ad vitae voluptas deleniti totam sed. Consequatur rerum corporis ut quisquam ullam.', 1),
(386, 35, '2019-01-08 22:30:46', NULL, 'Consequuntur excepturi molestiae repellendus et. Sapiente dignissimos ut quasi officia placeat. Qui iure est esse nobis ut.', 2),
(387, 7, '2019-03-29 21:20:07', NULL, 'Non animi cupiditate quaerat et. Atque aut consequatur nihil eos sed non itaque. Placeat doloremque sapiente nemo aut maxime.', 2),
(388, 39, '2019-01-24 20:46:04', NULL, 'Soluta numquam voluptatem in omnis voluptatem. Corrupti reiciendis voluptatem quia quia voluptas. Laudantium architecto possimus enim voluptatum doloribus tempore.', 1),
(389, 14, '2019-03-02 08:03:44', NULL, 'Laboriosam fugit sunt nisi sit et est quis eligendi. Sed dolorem aut iste non nisi totam ut reiciendis. Quos consequatur officia et qui enim non.', 2),
(390, 40, '2019-02-04 20:04:01', NULL, 'Nam nam dicta velit in. Non cupiditate incidunt alias consequatur. Eius animi minima corrupti doloremque temporibus ut perferendis.', 2),
(391, 45, '2019-02-08 14:37:23', NULL, 'Architecto labore non provident impedit delectus. Sed consequatur alias corrupti in iure aut ipsum aut. Iure sit voluptas culpa aut.', 2),
(392, 16, '2019-04-05 21:53:22', NULL, 'Omnis reprehenderit et dignissimos nobis mollitia aut. Non et ipsam adipisci architecto.', 2),
(393, 1, '2019-03-07 17:16:31', NULL, 'Voluptas architecto impedit accusamus in adipisci dolor vitae. Consequatur nihil recusandae et et repellendus.', 1),
(394, 38, '2018-12-13 15:28:44', NULL, 'Deserunt iusto earum optio eos sit. Exercitationem omnis dolor nesciunt illo libero. Error aut sunt repudiandae et praesentium incidunt.', 1),
(395, 24, '2019-04-06 14:44:36', NULL, 'Neque animi molestiae consequatur eum accusantium error. Et sunt laboriosam necessitatibus impedit saepe aliquam.', 2),
(397, 16, '2019-01-26 05:03:36', NULL, 'Voluptatem esse blanditiis sunt aspernatur voluptate magni. Deserunt ut et numquam repellendus placeat.', 1),
(398, 40, '2019-02-02 13:48:47', NULL, 'Non eum voluptatibus expedita blanditiis. Fugit et aut eligendi saepe voluptatem odio.', 1),
(399, 21, '2019-03-06 07:09:53', NULL, 'Enim maiores pariatur rerum suscipit sed ut vitae. A totam temporibus itaque. Libero ut ut laborum qui ad.', 2),
(400, 10, '2019-03-29 05:10:13', NULL, 'Aut voluptatem quibusdam est necessitatibus vel delectus ea. Qui sapiente praesentium et consequatur ratione. Dolores reiciendis qui molestiae maiores laboriosam porro culpa.', 2),
(401, 40, '2019-03-21 14:50:52', NULL, 'Laudantium est omnis sit libero quam voluptatem aperiam maxime. Debitis est rem optio ab rerum.', 2),
(402, 29, '2019-02-01 00:12:37', NULL, 'Necessitatibus et quidem incidunt ea voluptatem. Consequatur inventore consequatur sint dicta.', 2),
(403, 4, '2019-04-05 08:19:31', NULL, 'Est consequatur qui optio laudantium. Cupiditate eius eos optio sint.', 2),
(405, 14, '2019-01-09 15:54:19', NULL, 'Et praesentium dolorem magnam non. Est impedit nulla porro et delectus exercitationem. Eos eum facere commodi consequatur consectetur sed soluta.', 1),
(406, 33, '2019-04-10 16:40:02', NULL, 'Dolor cum maiores consequatur officiis rerum. Doloremque eligendi esse inventore est.', 1),
(407, 38, '2019-01-16 05:48:56', NULL, 'Hic unde similique omnis corporis tempora. Qui nemo iure rerum natus vel.', 1),
(408, 42, '2018-12-31 12:25:57', NULL, 'Laborum tempore similique et nobis et. Sed odit nesciunt non incidunt perferendis facilis.', 2),
(409, 16, '2019-02-01 08:08:07', NULL, 'Numquam perferendis autem repellendus atque. Delectus fuga et nam odio porro distinctio dolore tempora. Et excepturi ad accusamus et cumque culpa.', 2),
(410, 46, '2019-04-11 19:50:34', NULL, 'iuytredsq', 3),
(411, 46, '2019-04-11 19:50:51', NULL, 'kjhgfd', 3);

-- --------------------------------------------------------

--
-- Table structure for table `migration_versions`
--

CREATE TABLE `migration_versions` (
  `version` varchar(14) COLLATE utf8mb4_unicode_ci NOT NULL,
  `executed_at` datetime NOT NULL COMMENT '(DC2Type:datetime_immutable)'
) ENGINE=InnoDB DEFAULT CHARSET=utf8mb4 COLLATE=utf8mb4_unicode_ci;

--
-- Dumping data for table `migration_versions`
--

INSERT INTO `migration_versions` (`version`, `executed_at`) VALUES
('20190212171811', '2019-04-11 13:16:50'),
('20190213163350', '2019-04-11 13:16:50'),
('20190214141943', '2019-04-11 13:16:50'),
('20190214142310', '2019-04-11 13:16:50'),
('20190225140917', '2019-04-11 13:16:50'),
('20190301130401', '2019-04-11 13:16:50'),
('20190301134324', '2019-04-11 13:16:50'),
('20190302153522', '2019-04-11 13:16:50'),
('20190302165349', '2019-04-11 13:16:50'),
('20190308153632', '2019-04-11 13:16:50'),
('20190312112142', '2019-04-11 13:16:50'),
('20190313105750', '2019-04-11 13:16:50'),
('20190313111618', '2019-04-11 13:16:50'),
('20190313113002', '2019-04-11 13:16:50'),
('20190313134607', '2019-04-11 13:16:50'),
('20190313145253', '2019-04-11 13:16:50'),
('20190313153621', '2019-04-11 13:16:50'),
('20190313154136', '2019-04-11 13:16:51'),
('20190313155646', '2019-04-11 13:16:51'),
('20190316121743', '2019-04-11 13:16:51'),
('20190318173731', '2019-04-11 13:16:51'),
('20190319161101', '2019-04-11 13:16:51'),
('20190325114226', '2019-04-11 13:16:51'),
('20190325141105', '2019-04-11 13:16:51'),
('20190326124735', '2019-04-11 13:16:51');

-- --------------------------------------------------------

--
-- Table structure for table `picture`
--

CREATE TABLE `picture` (
  `id` int(11) NOT NULL,
  `name` varchar(255) COLLATE utf8mb4_unicode_ci DEFAULT NULL,
  `alt` varchar(255) COLLATE utf8mb4_unicode_ci NOT NULL
) ENGINE=InnoDB DEFAULT CHARSET=utf8mb4 COLLATE=utf8mb4_unicode_ci;

--
-- Dumping data for table `picture`
--

INSERT INTO `picture` (`id`, `name`, `alt`) VALUES
(1, 'snow-2.jpeg', 'Rémy Delaunay'),
(2, 'snow-5.jpeg', 'Catherine Simon'),
(3, 'snow-1.jpeg', 'Maurice Bouvier'),
(4, 'snow-4.jpeg', 'Anne de Perrin'),
(5, 'snow-3.jpeg', 'Nicole Denis');

-- --------------------------------------------------------

--
-- Table structure for table `profile_picture`
--

CREATE TABLE `profile_picture` (
  `id` int(11) NOT NULL,
  `path_picture` varchar(255) COLLATE utf8mb4_unicode_ci NOT NULL
) ENGINE=InnoDB DEFAULT CHARSET=utf8mb4 COLLATE=utf8mb4_unicode_ci;

--
-- Dumping data for table `profile_picture`
--

INSERT INTO `profile_picture` (`id`, `path_picture`) VALUES
(1, 'bob-2.jpeg'),
(2, 'bob-1.jpeg');

-- --------------------------------------------------------

--
-- Table structure for table `token`
--

CREATE TABLE `token` (
  `id` int(11) NOT NULL,
  `user_id` int(11) NOT NULL,
  `create_at` datetime NOT NULL,
  `value` varchar(255) COLLATE utf8mb4_unicode_ci NOT NULL
) ENGINE=InnoDB DEFAULT CHARSET=utf8mb4 COLLATE=utf8mb4_unicode_ci;

--
-- Dumping data for table `token`
--

INSERT INTO `token` (`id`, `user_id`, `create_at`, `value`) VALUES
(1, 3, '2019-04-11 19:13:41', 'bf5c1d9f6db0deccee8bb25c971f4bda');

-- --------------------------------------------------------

--
-- Table structure for table `trick`
--

CREATE TABLE `trick` (
  `id` int(11) NOT NULL,
  `trick_category_id` int(11) NOT NULL,
  `name` varchar(255) COLLATE utf8mb4_unicode_ci NOT NULL,
  `date_creation` datetime NOT NULL,
  `date_maj` datetime DEFAULT NULL,
  `content` longtext COLLATE utf8mb4_unicode_ci NOT NULL,
  `picture_default_id` int(11) NOT NULL,
  `user_id` int(11) NOT NULL
) ENGINE=InnoDB DEFAULT CHARSET=utf8mb4 COLLATE=utf8mb4_unicode_ci;

--
-- Dumping data for table `trick`
--

INSERT INTO `trick` (`id`, `trick_category_id`, `name`, `date_creation`, `date_maj`, `content`, `picture_default_id`, `user_id`) VALUES
(1, 1, 'Aliquam voluptatibus reiciendis sunt.', '2019-02-21 04:47:40', NULL, '<p>Aut excepturi nesciunt nesciunt. Ut occaecati commodi tenetur sed. Ipsa culpa voluptatem repudiandae dolores corrupti perferendis odit. Similique voluptas harum quos fugit. Consequatur corporis quo explicabo perferendis. Et et ipsum ipsa. Incidunt et nulla facilis. Qui reprehenderit placeat maiores veritatis eum ut. Unde iste alias optio et ipsam omnis labore. Quos quia sapiente soluta repellat quia veniam et nemo. In occaecati consequatur maiores temporibus.</p>', 3, 1),
(2, 2, 'Ut voluptas magnam dolorum praesentium architecto animi.', '2019-03-21 11:51:02', NULL, '<p>Enim ea tenetur ea sunt quidem doloribus maxime voluptatem. Iusto enim ut atque aut velit. Maxime quasi similique rerum odio quibusdam et. Iure assumenda autem libero quia qui cupiditate necessitatibus quibusdam. Cupiditate laborum quo qui nostrum. Sunt est exercitationem blanditiis provident. Eveniet qui libero molestias recusandae et quo blanditiis. Similique consequatur necessitatibus magni. Minima dolores quo vel aperiam. Quia praesentium aut iure. Et tempore tempora soluta ea voluptas qui. Ratione consequatur voluptatum quo eos non rerum et. Tempore dignissimos qui quia eum. Animi voluptas et voluptates. Velit ea aspernatur error velit est accusantium. Voluptas nostrum nobis dolorem animi sint soluta. Delectus quidem et temporibus nobis eum. Dolorum quis eum esse perferendis et fugiat dolor. Dolore assumenda sunt et explicabo voluptatum. Autem quos quos amet sequi animi.</p>', 2, 1),
(3, 3, 'Dolorem praesentium consequatur fugit eum excepturi assumenda.', '2019-03-17 19:51:00', NULL, '<p>Qui totam recusandae odit repellendus sit. Omnis error minima ut et id aspernatur. Cum praesentium et rerum nulla adipisci rerum natus et. Soluta amet enim quisquam suscipit sint. Vel temporibus dicta autem eius inventore. Et assumenda sed in sed delectus consequatur. Est sequi id quas. Assumenda a dolores quasi dolorum excepturi consequatur consectetur. Ab animi rerum consequatur et odit ipsum quasi numquam. Excepturi dignissimos quis earum accusantium nihil ipsum. Ullam repellat nostrum consequatur officiis. Est perspiciatis ad qui eligendi. Occaecati ut aut ducimus voluptates vero inventore corrupti. Sit quaerat ut molestiae iste vitae. Non numquam aperiam voluptas excepturi. Tenetur facere et qui voluptatem odio molestiae. Nihil nam corporis aut quaerat fugit fuga magnam. Cum adipisci deserunt quod deserunt.</p>', 3, 2),
(4, 3, 'Aut repudiandae omnis corporis.', '2019-03-30 19:05:45', NULL, '<p>Ipsa nulla omnis quaerat deserunt alias temporibus impedit. Eum reprehenderit reprehenderit soluta maiores. Consectetur suscipit nihil aut quis. Libero architecto repellendus at inventore quia exercitationem veniam dicta. Unde vero neque doloremque quia. Est et similique architecto aut similique est eum earum. Alias qui necessitatibus possimus velit dolorem ducimus. Deleniti quis et in ea sit. Animi ipsa in est ab omnis at praesentium est. Consectetur modi voluptatem ipsa. Minus error consequatur illo nulla nisi nulla. Molestiae aut numquam ut consequatur omnis distinctio.</p>', 2, 1),
(5, 4, 'Qui eaque sint voluptatibus adipisci odit.', '2019-02-27 05:23:34', NULL, '<p>Asperiores qui assumenda quod laborum laudantium. Repellendus distinctio error quam. Maiores modi consequatur nemo et dicta eum. Architecto sequi repellendus doloribus dicta ea. Consequuntur officiis officiis ab sunt alias. Ut repellendus consequatur perferendis quo consectetur et alias voluptatum. Voluptatem sequi vero vel. Sit cumque recusandae maxime tempore ad culpa debitis. Porro id fuga sit explicabo illo. Aut qui est neque. Mollitia fuga ut occaecati eius.</p>', 5, 1),
(6, 3, 'Illo adipisci et sint corporis unde.', '2018-12-11 23:08:35', NULL, '<p>Rem nihil est assumenda eligendi ab exercitationem. Non earum et dolores quos harum eligendi assumenda praesentium. Temporibus et consequatur voluptas deleniti. Aut id voluptates voluptas nihil iste recusandae ratione. Hic vel sed aliquid fugit ipsa praesentium temporibus. Quas veniam dolor quasi doloribus a ratione perferendis numquam. Sit aut nobis ipsum ea ullam. Dolor quo veritatis error pariatur. Molestiae eligendi laborum veritatis. Voluptas consequatur quia harum soluta dicta nobis non neque. Cumque cupiditate iusto nulla aspernatur corporis libero mollitia porro. Illum et eum omnis quibusdam numquam facilis et. Laboriosam quasi qui et nam iste. Eos explicabo dolor non quam aut cum illo. Quia provident eum eveniet sunt omnis nostrum. Quisquam quia aspernatur quibusdam vel.</p>', 1, 2),
(7, 5, 'Consequatur sunt aut quisquam sed adipisci itaque consequatur.', '2019-01-13 03:55:19', NULL, '<p>Et minima est laboriosam nemo. Voluptate quisquam molestias commodi ea. Dolores omnis vel itaque delectus facilis consequatur. Vero consequatur eveniet sapiente distinctio sit nihil. Molestiae unde molestiae reprehenderit repudiandae dolor vitae. Ut quia nemo veniam at. Ratione blanditiis repudiandae repellat voluptates. Aliquid illo omnis rem dolorem. Sed omnis esse optio suscipit recusandae sunt. Eligendi quia quam vel quae enim et rerum. Non sit aspernatur aut voluptatem est quibusdam. Sit iste ullam atque excepturi sunt et illo impedit. Repellendus accusantium alias eum ea libero. Fugit itaque illum placeat in omnis eum temporibus aut. Error voluptate amet qui eum quisquam nulla. Facilis qui aut voluptatem voluptas eaque. Cum aut reiciendis cum aut omnis explicabo. Vel et culpa beatae ullam hic. Voluptates sit voluptas enim pariatur eaque laborum voluptatibus. Error nisi consequatur nisi voluptatum ipsum quisquam voluptatem qui.</p>', 5, 2),
(8, 3, 'Eum consequatur ad assumenda hic nisi sit dignissimos.', '2018-12-21 08:58:15', NULL, '<p>Sint quos repellat ducimus est odit qui. Eum quibusdam modi aut numquam fuga sit. Molestiae eum fugiat sequi laborum. Pariatur officiis sit delectus inventore omnis eius. Debitis qui eum quibusdam quibusdam voluptates. Perspiciatis iste vel iure omnis repellendus. Voluptatem unde est ut. Animi unde est non magni. Voluptas mollitia est quos veniam odio dolorum expedita. Itaque est officia rerum magni dignissimos.</p>', 1, 1),
(9, 5, 'Ut dignissimos autem error ut architecto dicta.', '2019-02-21 23:50:22', NULL, '<p>Repellendus vel eligendi soluta at mollitia saepe quidem. Unde eveniet occaecati eaque perferendis impedit quia impedit. Vel consectetur pariatur ipsam illum et nostrum. Exercitationem qui quae ad non reprehenderit libero voluptas. Dolor excepturi deleniti ut amet quisquam perferendis. Ut earum earum tenetur. Aut qui unde adipisci asperiores. Ratione impedit eos veritatis. Quia nisi ducimus rerum eveniet dolor. Officia modi sed vel saepe. Harum eligendi sint optio. Aut tempore ex enim provident debitis libero. Cum atque rerum quia sed. Cupiditate quo dolores ullam nulla enim doloribus esse. Est veniam pariatur fugiat et magnam. Reprehenderit eius veritatis in non dolor velit.</p>', 3, 1),
(10, 3, 'Nesciunt laboriosam assumenda ut soluta aliquam non inventore.', '2019-03-20 21:25:47', NULL, '<p>Consectetur voluptatem tenetur minima ipsa autem quia. Vero atque incidunt consequuntur debitis voluptatibus totam voluptate. Ea aspernatur non illum quo explicabo dolor voluptatem animi. Tenetur corporis sed aut tempora dolores dicta. Sunt minus unde ea voluptates. Suscipit et id totam quia quis officia ut. Optio ea consequatur quaerat dolorem perspiciatis asperiores quo. Et porro necessitatibus explicabo. Sed culpa soluta et quia. Error ullam impedit eum consequatur quos et porro. Dolorem repellat qui nemo rerum iure atque ut. Et nobis aperiam rem ducimus earum veniam ut. Nam a dolor assumenda molestias. Aut aut quae minima vel itaque. Aut voluptatem explicabo dolorem vero aut similique est est. Atque dolor nulla asperiores reprehenderit reiciendis quis commodi.</p>', 1, 2),
(11, 5, 'Sit atque et eos molestias.', '2018-12-19 23:14:19', NULL, '<p>Sit voluptatibus commodi impedit autem ut. Praesentium et illo saepe molestiae rerum eaque omnis. Dolores nostrum veritatis vero. Et distinctio sit facere et sed. Est ut aut perspiciatis repellendus ipsa. Ea et natus accusantium culpa magnam ducimus. Provident sint consequatur aut. Ut quaerat libero et ipsam consequatur quia. Id autem ratione repudiandae quae repudiandae. Ut laudantium quam voluptas enim. Voluptatibus provident rem inventore possimus.</p>', 3, 2),
(12, 5, 'Aspernatur voluptatem dolor labore nihil rerum.', '2018-11-04 01:03:51', NULL, '<p>Quisquam sit placeat suscipit sint. Sequi illum consectetur voluptatem velit rerum adipisci. Dolor mollitia saepe est optio eum. Voluptatibus odit nam qui natus provident officiis. Vero error dignissimos aliquid quasi voluptas voluptates. Repellendus totam nemo aspernatur consequatur et. Cum iure alias expedita aliquid voluptas nemo asperiores. Aliquid tenetur qui illum ipsa. Aliquid soluta aspernatur sequi sequi deleniti. Eius dolor necessitatibus qui voluptatum laudantium ducimus non. Nemo distinctio vitae pariatur omnis et ut. Ad sed velit error excepturi animi blanditiis. Totam earum qui corporis fugiat non cumque et sint. In ea sed expedita saepe explicabo est. Quia enim unde provident illum sunt. Possimus repellendus et sequi modi ut quis.</p>', 1, 2),
(13, 2, 'Tempore alias perferendis non enim quos aut et nulla.', '2019-03-03 06:32:31', NULL, '<p>Blanditiis quis sapiente qui adipisci itaque distinctio fugiat. Et sunt porro quae rem dolores autem. Magnam veritatis consequatur nostrum tempore nam. Consequatur labore earum aut nisi consequatur consequatur adipisci. Provident ut quidem tempora sapiente fuga. Saepe dolor sit placeat rerum. Dolorem rerum voluptate maiores perspiciatis quaerat sapiente sapiente. Qui est sint assumenda quos quidem. Consequatur quidem ipsum et. Iste sapiente libero dolorum voluptatem assumenda blanditiis expedita. Quod itaque ut qui excepturi ut sed omnis. Modi aut veniam totam et ut. Rem cum sapiente et id voluptatem delectus vel. Ut fugiat vel facilis molestiae aspernatur voluptas. Ipsum quas quisquam rem sit alias. Neque non quas distinctio aliquid. Aut reprehenderit omnis assumenda minus soluta.</p>', 5, 2),
(14, 6, 'Quo quam exercitationem reiciendis possimus accusantium eos.', '2018-12-24 01:29:55', NULL, '<p>Est sequi blanditiis reprehenderit nemo. Eos tenetur commodi ut aut. Voluptates nostrum quas ullam nobis omnis voluptatibus maxime. Quae sed tenetur id animi non sunt vel. In hic excepturi earum ullam aut. Beatae consequatur natus eligendi est a similique qui. Corporis minima nostrum aut aspernatur quasi. Rerum delectus deleniti ipsum nesciunt nobis. Qui minus libero accusantium modi. Quo non consequatur dolores repudiandae maxime omnis qui quia.</p>', 5, 2),
(15, 2, 'Vitae mollitia architecto quo quidem.', '2018-10-26 13:06:30', NULL, '<p>Officia ut esse magni. Dolor aut omnis repellat laborum laudantium neque molestiae unde. Praesentium voluptatem placeat et aliquid. Qui nulla dolores ut sed quis non. Doloribus ipsum rerum hic deserunt aut sunt aspernatur explicabo. Rerum ducimus dolore qui dolorem eum. Iure molestias at est quia sit vel et. Enim ad nesciunt dicta qui. Sunt harum magnam consequatur repellendus sed omnis. Esse omnis perferendis id ex vitae. Quo est dolorem est sequi. Accusamus inventore ratione ad autem labore dolores. Voluptatem est sapiente et et nostrum. Quo consequatur quidem assumenda voluptatem. Sunt fuga mollitia nesciunt enim doloribus. Quia reiciendis harum expedita ratione. Distinctio vel quisquam numquam. Ipsa dolore veniam omnis aut.</p>', 1, 2),
(16, 4, 'Dicta sapiente maiores libero dolore doloribus quia qui.', '2019-01-13 17:34:59', NULL, '<p>Tenetur labore eveniet et hic. Dignissimos porro quia rerum adipisci dolorem quod eaque. Corrupti enim aut rem magnam. Facere qui aut molestiae quis aut laudantium et. Iure molestias cumque quos est sapiente aliquam dolores. Ut fuga sunt voluptatum. Facilis vero quo atque quo magni sint. Sint omnis nihil est et architecto sunt quibusdam. Fugit explicabo maiores et dignissimos sit. Modi molestiae nobis necessitatibus distinctio. Harum reiciendis nihil rerum illo similique quia fuga. Doloremque autem quia quisquam corporis dignissimos beatae reprehenderit. Quae laboriosam doloremque dolorum fugiat molestiae et sit. Eaque fugit non maxime nihil ex beatae voluptatibus adipisci. Iste ipsum deleniti aut modi animi sunt repellat. Vel aliquid error magnam ratione deserunt beatae.</p>', 3, 1),
(17, 3, 'Ea eum cum quis nihil.', '2019-01-28 20:24:39', NULL, '<p>Dolorum aut aperiam beatae consectetur nemo ab. Sit cumque illo ipsam nam. Cumque qui et nesciunt qui. Deserunt reiciendis ea aut ipsum nam vero. Culpa sequi consequuntur pariatur dicta numquam ut suscipit sit. Libero eligendi maiores nam temporibus. Voluptas possimus voluptatem non non iste alias exercitationem laudantium. Voluptatibus voluptas sunt porro. Vero ducimus ipsum a tempora nam eveniet voluptas. Non molestiae sint molestiae similique id voluptatem molestiae. Ullam ut occaecati aspernatur ad optio. Inventore eligendi esse harum dolor error. Qui minus eos exercitationem ullam ipsum adipisci. Soluta dicta est animi officia quis ea possimus. Est aut qui id facilis exercitationem quia quo. Odit alias aut sed quos. Possimus rerum alias alias et enim. Cupiditate quidem voluptate quia consequatur nulla assumenda. Nemo optio sapiente sed aut.</p>', 4, 2),
(18, 6, 'Quas et temporibus magnam dicta cum.', '2019-01-14 15:04:02', NULL, '<p>Exercitationem eligendi veritatis magnam labore consectetur autem sapiente. Optio aperiam provident ex accusantium. Nam numquam qui soluta magnam quibusdam deleniti vel. Adipisci quos iure ullam ut. Molestias libero sint aut. Facilis facere reiciendis id qui consectetur sint sequi. Quod sed est aliquid sit non dolorem nisi ullam. Voluptatum quis et voluptatem cumque. Sit similique dolores ab excepturi et odio vitae et. Quam omnis aut architecto sed esse natus. Corrupti et aperiam perferendis nemo. Omnis reprehenderit natus quia dolores aperiam ut minima. Occaecati commodi rerum voluptas ut repudiandae. Consequatur voluptatem hic atque corrupti. Dolore sit alias voluptatibus repellendus omnis.</p>', 4, 2),
(19, 6, 'Et quibusdam sit omnis animi rerum.', '2019-01-25 02:42:54', NULL, '<p>Eum sed omnis voluptatem optio dicta sapiente. Deserunt sed adipisci omnis et modi quibusdam voluptatem. Deleniti et nemo nobis quod officia ratione. Inventore aut sapiente qui ullam cumque et quo beatae. Explicabo reiciendis totam iusto consectetur sed alias. Architecto est tempore at molestiae facilis non voluptatem. Asperiores adipisci non corrupti laborum placeat qui labore. Error nesciunt qui atque ut. Et quam dolores culpa doloremque. Fugit veniam saepe quas aut. Et iste explicabo nemo eius eveniet. Ipsam fugiat sed sint magnam quasi id ipsam. Labore nihil numquam voluptas explicabo sed molestiae corrupti laudantium. Nihil non occaecati ut rem dolore. Voluptatem occaecati vel veritatis. Repellat vero laudantium incidunt autem vel voluptates quam harum. Reprehenderit dolores alias iusto distinctio. Maxime debitis et et incidunt et. Aperiam quia sit omnis dicta nobis non illo. At rem sunt numquam rem eligendi vitae quo eum. Qui aut delectus est sapiente molestiae.</p>', 1, 1),
(21, 2, 'Aut similique ea autem fuga laboriosam.', '2019-01-18 22:51:59', NULL, '<p>Dolores nulla eveniet nihil qui at rerum rem. Pariatur soluta occaecati quis. Sint exercitationem dignissimos iusto voluptatem neque nisi tempore. Sapiente non et sint sequi. Ex quia nam non ut reprehenderit ut. Sit soluta non libero et aperiam. Placeat enim vel veritatis tempora molestias quis. Et molestiae voluptatum vero a. Veniam aperiam harum aperiam aliquid. Nostrum dolorum excepturi rerum atque. Est ut eos possimus eligendi doloremque quia ipsum. Accusantium est illo maxime voluptas. Quam qui quod ullam occaecati praesentium. Quo reiciendis incidunt consectetur eos quaerat non architecto aut. Quo totam sint qui in veritatis quo. Quasi eaque ad aut deserunt sit vero facilis. Impedit et ipsum exercitationem velit quisquam. Perspiciatis dolor fuga deserunt ipsa assumenda aut et.</p>', 3, 1),
(22, 1, 'Mollitia provident optio mollitia modi qui et non.', '2019-01-08 13:31:17', NULL, '<p>Beatae quis quaerat quaerat. Exercitationem aspernatur animi placeat pariatur. Quia aut autem dolor vel. Quo iusto inventore voluptatum adipisci. Quaerat quae voluptates temporibus est nobis ut vel. Eaque molestiae consequatur qui dolor atque. Impedit ratione hic quae. Natus exercitationem dolor reprehenderit qui et quas. Sed saepe autem earum exercitationem. Aut nisi et ut dolorum accusantium consequatur distinctio nesciunt. Est minus aliquid nisi nulla ad fugiat. Est perferendis cumque esse in quia sit aspernatur. Unde vel recusandae doloremque commodi voluptatum qui sunt dolorem. Cum ut expedita cupiditate enim unde nulla. Illum vel et esse corporis error dignissimos ipsum. Ullam et deleniti fuga eius numquam. Eligendi veritatis beatae rerum omnis minima mollitia harum dolore.</p>', 5, 2),
(23, 5, 'Dignissimos ea provident saepe quis modi ipsam.', '2019-01-08 21:17:20', NULL, '<p>Consequuntur expedita sapiente voluptatem qui molestiae et. Quia architecto accusantium laborum sequi rerum quidem ut. Amet velit ea rem quam ut vero. Ea et mollitia expedita explicabo. Ut id harum vero sit nam quibusdam omnis. Dolor impedit quod ipsam officia. Qui occaecati sed rerum voluptatum alias. Iure odit quibusdam sunt soluta ut distinctio et. Est itaque assumenda eligendi voluptatem explicabo labore qui. Ut quis labore non ad explicabo quisquam aut. Reiciendis consectetur nihil perspiciatis officiis.</p>', 5, 2),
(24, 4, 'Tempora dolor ut voluptate aut reiciendis.', '2019-02-20 04:46:45', NULL, '<p>Qui qui aliquid repellat sit recusandae consequatur qui ut. Ipsa eos quisquam quia enim alias odio dolore. Eum commodi quia sint consequatur et error accusamus. Error enim praesentium quis quasi voluptatem debitis. Nobis omnis dolore consequuntur pariatur assumenda saepe. Animi facere maxime dolores dolor magnam incidunt reprehenderit molestiae. Quia voluptate nisi consequatur consequatur consectetur accusamus dolorem. Et deleniti vero ullam odio est id. Mollitia omnis distinctio reiciendis sit quibusdam. Laborum et dolorum assumenda molestias animi placeat suscipit aut. Molestiae aut molestiae numquam nam provident nihil.</p>', 3, 1),
(25, 4, 'Vero sed reprehenderit atque quia cupiditate odit.', '2019-03-03 20:16:19', NULL, '<p>Minima quaerat delectus ut consequatur sit. Explicabo aliquam veniam tempore harum possimus dignissimos ullam. Et deleniti aperiam quasi maiores provident vel aut. Sed pariatur aliquid ea. Nihil et eveniet natus ad nisi. Quis molestiae esse quos. Praesentium quos reiciendis aliquam esse. Qui esse voluptatem modi velit corporis aut hic. Debitis facere quos voluptas. Id officia est in exercitationem asperiores perferendis. Error cupiditate et possimus id est. Illo dolorum facilis neque est dolorem. In illo libero possimus in. Sunt ullam alias sed amet. Quo numquam enim in nostrum quis placeat sunt dignissimos. Quisquam commodi eum ea natus aut qui.</p>', 1, 1),
(26, 4, 'Qui sequi aliquam ullam neque est.', '2019-01-13 16:08:10', NULL, '<p>Expedita optio quae sed et illo animi maiores sed. In facilis est debitis officiis nostrum cumque. Dignissimos dignissimos autem illo eum ut. Est officiis consequatur modi. Voluptas dolorum doloribus eos. At facilis porro maiores. Velit error repellat explicabo accusantium. Perferendis tempora temporibus illum enim est quasi. Aliquid dolorem est amet eum tempore nemo. Quas in officiis sequi facilis eveniet omnis cupiditate. Repellat dolor assumenda dolores vitae impedit vitae. Ut non nulla et facere. Ex non eligendi et. Quibusdam voluptatem quia vitae modi. Velit et eum laborum facilis. Et dolore recusandae ut adipisci impedit aut expedita. Adipisci ut et porro et nam qui. Voluptatem reprehenderit consequuntur inventore harum consequatur cum suscipit ut. Eum iste itaque quo illum consequatur. Pariatur vel quia libero officiis dolor. Aut quia voluptates illo earum.</p>', 2, 1),
(27, 2, 'Enim minus harum ea provident aspernatur sit.', '2019-02-18 06:30:52', NULL, '<p>Aliquid dolores amet distinctio qui natus. Soluta quos iure ipsa itaque voluptatum veritatis omnis nemo. Quia est beatae nulla voluptatem eos sit nihil. Esse repellendus et odit. Quis quod molestias et vel suscipit harum repellat. Sed rerum est ut earum ea qui nam expedita. Est voluptates sapiente distinctio aut maxime debitis. Ex quia modi iste molestias. Laudantium aperiam a aliquid autem. Quidem unde quia enim qui tempore consequatur. Officia exercitationem id nihil voluptatum. Atque alias impedit debitis eos libero quidem. Quia ratione dolorem sequi et nemo occaecati.</p>', 5, 2),
(28, 6, 'Quaerat veniam quo tempora possimus.', '2019-03-01 20:14:50', NULL, '<p>Est est velit deleniti et fugit sapiente odio. Accusamus voluptate modi est nostrum aspernatur velit similique. Voluptatem et quis placeat aut. Similique fuga fuga aut et. Quisquam eum quis ab ratione. Et sit nihil aut accusantium. Ipsa consectetur minima qui laboriosam. Est voluptates ratione molestiae sunt reprehenderit. Culpa voluptate natus sequi ut commodi. Voluptate deleniti quia quia aut. Dolorem qui commodi quia ad.</p>', 4, 1),
(29, 2, 'Officiis magni molestias vitae architecto.', '2019-01-22 03:55:17', NULL, '<p>Accusantium unde et ut culpa. Recusandae et aliquam nihil iste repellendus. Doloremque porro debitis molestiae officiis asperiores harum. Amet qui optio neque tenetur sed sint. Nisi voluptatem voluptatibus doloremque praesentium quae. Perferendis nam saepe ad impedit. Rem officiis autem consectetur dolor cumque rerum at exercitationem. Quia cupiditate quisquam rerum voluptatum id omnis. Quis aut natus nostrum voluptatem. Maxime voluptates magni et sed aut. Corporis voluptatum mollitia consequatur quo. Ipsum illo sunt vel blanditiis quos error eos. Consequuntur possimus tempore soluta facilis ducimus.</p>', 5, 1),
(30, 5, 'Nulla sit repudiandae aut nesciunt.', '2019-03-16 06:29:43', NULL, '<p>Sed dolores odit illo aut tempore. Laboriosam provident hic cupiditate dignissimos. Et sint odit aut non rerum ipsa consequatur. Quia et mollitia dicta exercitationem ratione explicabo ratione. Sit ipsam aperiam rerum magnam autem itaque quo. Voluptas aspernatur dolorum perferendis id rem iusto. Nisi quam et dolorem qui aut aut. Pariatur inventore omnis nihil est accusamus. Doloremque necessitatibus maiores quisquam sunt. In repellendus deserunt et labore accusantium sed. Aut qui ea qui sunt illum. Est laudantium non aut suscipit aut adipisci rerum. Voluptatem aliquam adipisci temporibus aperiam similique aliquid unde vero. Fugit debitis tempore aliquid voluptas. Quis esse debitis aliquam eligendi corrupti.</p>', 5, 2),
(31, 5, 'Error qui et et et illo voluptate.', '2019-03-26 15:30:52', NULL, '<p>Tempore possimus laudantium sit repellendus delectus laborum dolore. Et quaerat atque est deserunt odio. Quisquam odit eos quasi voluptas. Iusto quis magnam reprehenderit enim aspernatur omnis. Molestiae quasi repudiandae eaque ducimus aperiam cum quia. Similique qui beatae labore ipsa veniam quia accusantium. Totam odit dolores doloremque aut dicta sed. Minus sint quia quo consequuntur sunt et. Ipsam illum ducimus aut natus et aut recusandae possimus. Laboriosam cumque ut et quia. Atque nihil in officiis quia quidem. Quibusdam delectus et enim voluptas id. Nesciunt eum voluptate recusandae officia. Earum fugit velit nihil rerum laborum. Omnis fugiat cumque corporis nesciunt tempora. Dignissimos pariatur nisi aut a maxime. Vero nobis fuga eos. Temporibus enim illo molestiae qui. Maiores voluptatibus quas nesciunt repudiandae nam. Quod minima nobis asperiores ab ea repudiandae perferendis pariatur. Iure accusamus quae enim eaque. Accusamus possimus quibusdam corporis eaque sit commodi.</p>', 4, 2),
(32, 3, 'Atque sunt rem odit sed alias eius architecto.', '2018-12-11 05:12:52', NULL, '<p>Non ex suscipit nemo aut. Eum voluptatibus illum exercitationem fugit nostrum provident illo. Neque vitae facere omnis animi. Et incidunt quia sed reiciendis ut. Repellendus voluptatum atque temporibus vitae. Qui quo illum repudiandae eaque adipisci vitae magnam. Dolor deleniti labore eos. Perferendis nemo dolor pariatur ut. Et aut et quasi quo esse et. Non nobis et dolore. Et est doloribus aut doloribus eligendi. Expedita voluptatem ex doloremque iste voluptates. Harum eaque tempora enim ipsa. Totam odio aut ipsum in voluptatem minima dolor. Nostrum quasi maiores molestiae delectus velit est ut. Et rerum unde unde corporis. Nihil maiores sunt reprehenderit fugit non. Ut adipisci veritatis similique autem sit omnis et. Ut nesciunt aut dolor cumque aliquid tempora aliquid. Eligendi consequuntur est sed laboriosam repudiandae quas in. Voluptate expedita iure doloremque odit id ipsam eaque qui.</p>', 2, 1),
(33, 2, 'Consequatur et molestiae occaecati occaecati necessitatibus aut ipsum.', '2019-03-30 05:23:35', NULL, '<p>Eius dolor assumenda perspiciatis doloremque aspernatur. Cum ipsum ut aut aut odit doloremque. Impedit mollitia consectetur rerum laborum accusamus quia sed doloribus. Ut perspiciatis est odio voluptates velit dolores. Et quam aut quae ut distinctio. Maxime doloribus aliquid est ipsum. Enim nihil sequi sit libero voluptate. Deserunt dicta quidem non doloremque minus praesentium aut. Ab et qui officia voluptates ratione. Dolore qui repellendus error rerum cum veritatis. Eum omnis repudiandae in magnam exercitationem. Quisquam nostrum autem qui repudiandae quae. Minima et voluptas esse non voluptatem. Quia dignissimos doloremque sunt occaecati consequatur optio. Laborum omnis qui sed ut laudantium distinctio nam. Non molestiae rerum explicabo. Sit nisi quibusdam omnis.</p>', 1, 2),
(35, 7, 'Sint voluptatibus quos aut et quia.', '2018-11-13 08:34:26', NULL, '<p>Aut temporibus natus voluptas pariatur non voluptatum. Minima adipisci culpa reiciendis commodi eos. Fugit nesciunt qui quisquam nobis molestias. Iste iure officiis voluptas ipsam rerum ut quos. Unde quisquam quibusdam officia vel eveniet eveniet nesciunt eos. Quia adipisci odit odit. Repellendus quis sapiente est voluptate quis mollitia voluptatem omnis. Distinctio et consequuntur est rerum. In id qui reiciendis repudiandae debitis debitis. Atque ut consequatur maiores iure.</p>', 3, 1),
(36, 1, 'Expedita libero vel quos.', '2019-01-28 11:09:11', NULL, '<p>Consequatur adipisci minima debitis consequatur. Nisi voluptas doloremque fuga. Ut rem qui non ad vitae et labore. Eligendi voluptates sapiente est minus. Magni illum ut accusantium asperiores. Porro molestiae provident provident unde alias mollitia non ex. Autem iusto non suscipit perferendis voluptatem quod. Est placeat dolorum qui doloribus odio. Quasi et sunt deserunt aliquam laborum pariatur. Molestias aut illum placeat eius officiis.</p>', 3, 1),
(37, 1, 'Qui alias explicabo quo libero quia perspiciatis.', '2019-04-03 09:53:54', NULL, '<p>Laborum facere distinctio ea. Dolores explicabo quos voluptates dolor numquam non. Dolorem accusantium dolores alias esse suscipit. Quam similique dicta cum incidunt impedit perspiciatis architecto et. Provident praesentium nam dicta sint consequatur quisquam amet. Sapiente alias quo et est voluptatem. Eaque architecto quaerat doloremque ut. Voluptates cumque dignissimos dolorem aut quidem. Nam ut inventore ut non eaque nesciunt eligendi odio. Quam ipsam voluptatem ratione. In est rem quasi eius repellendus suscipit velit.</p>', 4, 2),
(38, 3, 'Adipisci aut facere porro quam repudiandae.', '2018-11-19 08:44:41', NULL, '<p>Voluptatem sit necessitatibus qui voluptatibus laborum voluptas quasi. Veniam eum voluptas aspernatur repellendus minus. Eveniet sed ducimus est dolores dolores. Repudiandae quo dignissimos vel. Sed ad fugiat accusamus sint. Sit aliquam eligendi ut. Fuga molestiae saepe hic earum. Nesciunt officiis voluptatibus totam soluta et et ex aperiam. In reiciendis et autem quae dolor a. Modi sint provident magnam quam. Labore maiores corrupti quis reprehenderit. Repellendus earum aspernatur consequatur alias veritatis. Voluptatum est aspernatur animi eligendi molestiae dolor. Quae asperiores ducimus et voluptas esse ipsum mollitia. Molestiae optio amet hic tempore ut hic.</p>', 4, 2),
(39, 4, 'Ipsam aut porro consectetur qui quia.', '2019-01-20 19:06:36', NULL, '<p>Ipsa error inventore vero repellat. Enim id quae nobis adipisci. Fugiat consequuntur quibusdam ut ut. Culpa id ut vitae molestiae modi. Amet provident placeat vero blanditiis. Expedita laudantium et est omnis ratione in ratione perspiciatis. Non voluptatem quae perspiciatis. Et quo maiores ea corporis perspiciatis quasi. Sit ducimus harum repellat enim aspernatur reiciendis id. Non rem laborum vero esse voluptatibus mollitia exercitationem. Quo odio corporis consequatur eligendi ullam. In molestiae necessitatibus rerum quia est. Autem ea quae quidem suscipit sunt. Explicabo architecto aut esse aut est.</p>', 2, 2),
(40, 5, 'Laborum accusantium consectetur voluptas at natus iusto.', '2018-12-29 15:47:52', NULL, '<p>Voluptatem maiores nemo similique. Quam nobis exercitationem facilis numquam dolorem deleniti. Nihil voluptatem rerum eaque libero quia quis officiis quia. Eius ut quas qui. Vel doloremque est voluptatem illo expedita voluptates pariatur. Ipsa perferendis sed repudiandae adipisci. Eligendi totam autem aspernatur. Et dignissimos non totam autem. Exercitationem sit adipisci qui saepe sit nihil et. Nesciunt doloribus nihil asperiores reiciendis. Maiores velit qui et saepe. Quisquam dolor hic sunt voluptatem accusantium id vel. Est nam et dolorum est aliquam. Ut et fugit perferendis maiores ad tempore ut. Dolore amet quas provident rerum nostrum officia. Quisquam et corrupti sapiente quia. Aut cum eum ullam placeat maxime. Ad officia est unde nobis molestiae et fugiat. Ut et nam tempora atque sit possimus nulla. Similique placeat vero quasi. Consectetur similique voluptates nemo sit quia quia.</p>', 4, 2),
(41, 2, 'Ut labore reprehenderit sapiente.', '2019-03-31 02:29:05', NULL, '<p>Laboriosam ut repellendus eveniet repudiandae at velit accusantium. Tenetur molestiae voluptatem iure autem qui rerum. Est soluta est culpa quia corporis et ad. Tempora velit porro enim sit eos natus. Sint praesentium necessitatibus aspernatur vel nulla. Voluptas quis enim repellat fugit quia atque suscipit accusantium. Molestias id sed qui excepturi voluptate ad ab. Voluptatem soluta dolore autem mollitia dolores accusantium. Et optio atque dolorem dolorem. Ut delectus suscipit vel aut ullam. Quibusdam quidem qui velit eos assumenda sint quaerat. Vero sed temporibus maxime soluta. Itaque eos sint accusamus assumenda quam aut unde. Molestiae consectetur illum aliquid. Sint voluptas ut eum consequatur nobis quia quasi. Eaque velit facilis nesciunt quis consequatur.</p>', 4, 2),
(42, 1, 'Magni quam est praesentium laudantium voluptatem in voluptates repudiandae.', '2018-12-18 21:11:28', NULL, '<p>Velit tempora sint et molestias velit porro et. Rerum voluptatem explicabo et perspiciatis labore nihil voluptatem. Expedita rerum et debitis id. Magni amet at iste velit aperiam. Ea sequi repellendus dolore et. Harum veritatis molestiae est. Quo corrupti deleniti laudantium culpa adipisci odit. Temporibus expedita debitis repellat animi. Voluptatibus exercitationem nisi perferendis temporibus sunt. Qui unde provident omnis eum cupiditate nulla inventore. Eum omnis adipisci doloribus architecto odio vel. Aut temporibus vitae voluptatem illo rerum qui. Facilis reprehenderit rerum ut. Autem nulla labore in a aut ut. Nulla ex corporis quam iure nostrum occaecati. Magnam nihil sit eveniet blanditiis quo est possimus. Est et praesentium sed blanditiis. Voluptatem voluptates aut in blanditiis exercitationem fuga. Mollitia asperiores incidunt quia cum facilis. Eaque molestiae ut sunt esse voluptatibus. Sed dolorem sit reprehenderit exercitationem perspiciatis adipisci autem. Et veritatis maxime labore sed quia quia.</p>', 2, 1),
(43, 3, 'Enim accusantium dolorem illum autem quia.', '2018-12-06 09:24:08', NULL, '<p>Debitis et asperiores odio ipsum aut blanditiis eius laudantium. Qui repudiandae et atque officia natus fuga. Qui doloribus non aut dolorem. Qui vel ad eos eaque iste dolorem. Impedit et quisquam eius ea velit repellat modi. Et est aut optio non quia modi. Fuga dolores vel voluptatibus doloremque molestias culpa. Assumenda vero ut fugiat laborum ipsum non voluptatum. Quia officia cupiditate perspiciatis et quo. Quae in doloribus quod illo. Consequatur a fugit ipsam nulla blanditiis. Dolor repellendus minima voluptate qui. Voluptates deserunt provident pariatur error. Praesentium sit neque aliquam rem eum in. Culpa laudantium nam voluptas officia natus et tempora. Quia non sint eos doloribus. Eum aut veritatis sed odit cupiditate. Minus voluptas sed et.</p>', 3, 2),
(44, 7, 'Nihil et ut eius mollitia quis.', '2018-11-30 16:14:06', NULL, '<p>Ipsa architecto illo dolor excepturi asperiores. Velit ut natus quo ex et molestiae. Consequuntur dolores iure eaque natus rerum. Fugiat et aut officia dolorem nemo error. Sunt dolor voluptate et. Enim dignissimos aut reiciendis corporis sed nesciunt reiciendis. Voluptatem unde quaerat quia voluptatum labore ea dolorum. Quisquam maxime dolorum explicabo id ab. Debitis saepe ipsa enim explicabo. Quis autem itaque laborum nostrum nihil exercitationem qui. Ea repudiandae voluptatibus et modi ad eos quia. Hic molestiae harum itaque optio ut minima. Numquam tempore laudantium sit et molestias ea. Distinctio quia deserunt sed rerum harum ea odit. Consequatur ut sequi est sint. Culpa assumenda sit quos rerum accusamus dolores.</p>', 3, 2),
(45, 5, 'Ut laboriosam quos minima iste.', '2018-11-16 22:55:51', NULL, '<p>Placeat esse suscipit in voluptas dolor praesentium quia praesentium. Et quae ut sed explicabo aut hic explicabo. Nam magnam consequatur fugit doloremque eos eius. Est sit nesciunt delectus maxime voluptatem est et. Dicta odio libero architecto a possimus. Accusantium quam maiores iste. Cupiditate dolores et nisi esse facilis sint. Amet rem laudantium consequatur est reprehenderit fugiat. Cumque maxime qui provident ratione vitae cumque. Libero odio quae molestias sunt ut. Laudantium mollitia accusantium est laudantium omnis id. Atque ut libero sint et eum. Enim temporibus sit amet consequuntur ipsum sint perspiciatis.</p>', 4, 2),
(46, 1, 'terzdfg', '2019-04-11 19:21:55', NULL, 'gfdsfghfds', 1, 3);

-- --------------------------------------------------------

--
-- Table structure for table `trick_picture`
--

CREATE TABLE `trick_picture` (
  `trick_id` int(11) NOT NULL,
  `picture_id` int(11) NOT NULL
) ENGINE=InnoDB DEFAULT CHARSET=utf8mb4 COLLATE=utf8mb4_unicode_ci;

--
-- Dumping data for table `trick_picture`
--

INSERT INTO `trick_picture` (`trick_id`, `picture_id`) VALUES
(1, 1),
(1, 2),
(2, 1),
(3, 3),
(3, 4),
(4, 2),
(4, 5),
(5, 1),
(5, 4),
(6, 2),
(6, 4),
(7, 1),
(7, 5),
(8, 3),
(9, 3),
(9, 4),
(10, 1),
(10, 3),
(11, 3),
(11, 4),
(12, 1),
(12, 5),
(13, 4),
(13, 5),
(14, 2),
(14, 3),
(15, 3),
(15, 5),
(16, 3),
(16, 5),
(17, 1),
(17, 2),
(18, 1),
(18, 2),
(19, 3),
(19, 5),
(21, 3),
(21, 5),
(22, 2),
(22, 5),
(23, 3),
(23, 5),
(24, 3),
(25, 1),
(26, 2),
(26, 5),
(27, 2),
(27, 4),
(28, 4),
(28, 5),
(29, 3),
(29, 4),
(30, 1),
(30, 2),
(31, 3),
(31, 5),
(32, 1),
(32, 4),
(33, 4),
(33, 5),
(35, 3),
(35, 5),
(36, 1),
(36, 4),
(37, 1),
(37, 3),
(38, 2),
(38, 4),
(39, 1),
(39, 4),
(40, 2),
(40, 3),
(41, 5),
(42, 1),
(42, 3),
(43, 5),
(44, 3),
(44, 4),
(45, 5),
(46, 1),
(46, 2);

-- --------------------------------------------------------

--
-- Table structure for table `trick_video`
--

CREATE TABLE `trick_video` (
  `trick_id` int(11) NOT NULL,
  `video_id` int(11) NOT NULL
) ENGINE=InnoDB DEFAULT CHARSET=utf8mb4 COLLATE=utf8mb4_unicode_ci;

--
-- Dumping data for table `trick_video`
--

INSERT INTO `trick_video` (`trick_id`, `video_id`) VALUES
(1, 1),
(1, 2),
(2, 2),
(2, 3),
(3, 2),
(4, 4),
(4, 5),
(5, 1),
(5, 5),
(6, 5),
(6, 6),
(7, 2),
(7, 7),
(8, 6),
(8, 8),
(9, 2),
(9, 9),
(10, 7),
(10, 10),
(11, 1),
(11, 9),
(12, 5),
(12, 7),
(13, 4),
(13, 8),
(14, 1),
(14, 7),
(15, 9),
(15, 10),
(16, 2),
(16, 5),
(17, 5),
(17, 7),
(18, 3),
(18, 5),
(19, 5),
(19, 6),
(21, 2),
(21, 8),
(22, 1),
(22, 4),
(23, 4),
(23, 7),
(24, 6),
(24, 10),
(25, 1),
(25, 5),
(26, 4),
(26, 7),
(27, 2),
(27, 9),
(28, 4),
(28, 6),
(29, 1),
(29, 6),
(30, 8),
(30, 9),
(31, 4),
(31, 9),
(32, 2),
(32, 8),
(33, 1),
(33, 8),
(35, 7),
(35, 10),
(36, 4),
(36, 5),
(37, 2),
(37, 7),
(38, 3),
(38, 5),
(39, 2),
(39, 7),
(40, 6),
(40, 9),
(41, 1),
(41, 3),
(42, 6),
(43, 6),
(43, 10),
(44, 6),
(45, 4),
(45, 9);

-- --------------------------------------------------------

--
-- Table structure for table `user`
--

CREATE TABLE `user` (
  `id` int(11) NOT NULL,
  `email` varchar(180) COLLATE utf8mb4_unicode_ci NOT NULL,
  `roles` json NOT NULL,
  `password` varchar(255) COLLATE utf8mb4_unicode_ci NOT NULL,
  `enable` tinyint(1) NOT NULL,
  `pseudo` varchar(255) COLLATE utf8mb4_unicode_ci NOT NULL,
  `profile_picture_id` int(11) DEFAULT NULL
) ENGINE=InnoDB DEFAULT CHARSET=utf8mb4 COLLATE=utf8mb4_unicode_ci;

--
-- Dumping data for table `user`
--

INSERT INTO `user` (`id`, `email`, `roles`, `password`, `enable`, `pseudo`, `profile_picture_id`) VALUES
(1, 'user@user.fr', '[\"ROLE_USER\"]', '$2y$13$ZkEBg0/GsMwgB0koBpZ7RemjIWTGi77xX8XDB05XUzcir68B63mHe', 1, 'User', 1),
(2, 'superadmin@admin.fr', '[\"ROLE_ADMIN\"]', '$2y$13$ZkEBg0/GsMwgB0koBpZ7RemjIWTGi77xX8XDB05XUzcir68B63mHe', 1, 'SuperAdmin', 2),
(3, 'bob@bob.fr', '[\"ROLE_USER\"]', '$2y$13$1sD9Af190GO0zcHG98M1YexM0B5QnpMECCgAW2E/YX9GBkvpuCJnW', 1, 'bob', NULL);

-- --------------------------------------------------------

--
-- Table structure for table `video`
--

CREATE TABLE `video` (
  `id` int(11) NOT NULL,
  `name` varchar(255) COLLATE utf8mb4_unicode_ci DEFAULT NULL,
  `platform` int(11) NOT NULL
) ENGINE=InnoDB DEFAULT CHARSET=utf8mb4 COLLATE=utf8mb4_unicode_ci;

--
-- Dumping data for table `video`
--

INSERT INTO `video` (`id`, `name`, `platform`) VALUES
(1, 'UGdif-dwu-8', 0),
(2, 'UGdif-dwu-8', 0),
(3, 'UGdif-dwu-8', 0),
(4, 'UGdif-dwu-8', 0),
(5, 'UGdif-dwu-8', 0),
(6, 'UGdif-dwu-8', 0),
(7, 'UGdif-dwu-8', 0),
(8, 'UGdif-dwu-8', 0),
(9, 'UGdif-dwu-8', 0),
(10, 'UGdif-dwu-8', 0);

--
-- Indexes for dumped tables
--

--
-- Indexes for table `category`
--
ALTER TABLE `category`
  ADD PRIMARY KEY (`id`);

--
-- Indexes for table `comment`
--
ALTER TABLE `comment`
  ADD PRIMARY KEY (`id`),
  ADD KEY `IDX_9474526CB281BE2E` (`trick_id`),
  ADD KEY `IDX_9474526CA76ED395` (`user_id`);

--
-- Indexes for table `migration_versions`
--
ALTER TABLE `migration_versions`
  ADD PRIMARY KEY (`version`);

--
-- Indexes for table `picture`
--
ALTER TABLE `picture`
  ADD PRIMARY KEY (`id`);

--
-- Indexes for table `profile_picture`
--
ALTER TABLE `profile_picture`
  ADD PRIMARY KEY (`id`);

--
-- Indexes for table `token`
--
ALTER TABLE `token`
  ADD PRIMARY KEY (`id`),
  ADD KEY `IDX_5F37A13BA76ED395` (`user_id`);

--
-- Indexes for table `trick`
--
ALTER TABLE `trick`
  ADD PRIMARY KEY (`id`),
  ADD UNIQUE KEY `UNIQ_D8F0A91E5E237E06` (`name`),
  ADD KEY `IDX_D8F0A91E9C71FA8B` (`trick_category_id`),
  ADD KEY `IDX_D8F0A91E40978B2A` (`picture_default_id`),
  ADD KEY `IDX_D8F0A91EA76ED395` (`user_id`);

--
-- Indexes for table `trick_picture`
--
ALTER TABLE `trick_picture`
  ADD PRIMARY KEY (`trick_id`,`picture_id`),
  ADD KEY `IDX_758636D1B281BE2E` (`trick_id`),
  ADD KEY `IDX_758636D1EE45BDBF` (`picture_id`);

--
-- Indexes for table `trick_video`
--
ALTER TABLE `trick_video`
  ADD PRIMARY KEY (`trick_id`,`video_id`),
  ADD KEY `IDX_B7E8DA93B281BE2E` (`trick_id`),
  ADD KEY `IDX_B7E8DA9329C1004E` (`video_id`);

--
-- Indexes for table `user`
--
ALTER TABLE `user`
  ADD PRIMARY KEY (`id`),
  ADD UNIQUE KEY `UNIQ_8D93D649E7927C74` (`email`),
  ADD UNIQUE KEY `UNIQ_8D93D649292E8AE2` (`profile_picture_id`);

--
-- Indexes for table `video`
--
ALTER TABLE `video`
  ADD PRIMARY KEY (`id`);

--
-- AUTO_INCREMENT for dumped tables
--

--
-- AUTO_INCREMENT for table `category`
--
ALTER TABLE `category`
  MODIFY `id` int(11) NOT NULL AUTO_INCREMENT, AUTO_INCREMENT=8;

--
-- AUTO_INCREMENT for table `comment`
--
ALTER TABLE `comment`
  MODIFY `id` int(11) NOT NULL AUTO_INCREMENT, AUTO_INCREMENT=412;

--
-- AUTO_INCREMENT for table `picture`
--
ALTER TABLE `picture`
  MODIFY `id` int(11) NOT NULL AUTO_INCREMENT, AUTO_INCREMENT=6;

--
-- AUTO_INCREMENT for table `profile_picture`
--
ALTER TABLE `profile_picture`
  MODIFY `id` int(11) NOT NULL AUTO_INCREMENT, AUTO_INCREMENT=3;

--
-- AUTO_INCREMENT for table `token`
--
ALTER TABLE `token`
  MODIFY `id` int(11) NOT NULL AUTO_INCREMENT, AUTO_INCREMENT=2;

--
-- AUTO_INCREMENT for table `trick`
--
ALTER TABLE `trick`
  MODIFY `id` int(11) NOT NULL AUTO_INCREMENT, AUTO_INCREMENT=47;

--
-- AUTO_INCREMENT for table `user`
--
ALTER TABLE `user`
  MODIFY `id` int(11) NOT NULL AUTO_INCREMENT, AUTO_INCREMENT=4;

--
-- AUTO_INCREMENT for table `video`
--
ALTER TABLE `video`
  MODIFY `id` int(11) NOT NULL AUTO_INCREMENT, AUTO_INCREMENT=11;

--
-- Constraints for dumped tables
--

--
-- Constraints for table `comment`
--
ALTER TABLE `comment`
  ADD CONSTRAINT `FK_9474526CA76ED395` FOREIGN KEY (`user_id`) REFERENCES `user` (`id`),
  ADD CONSTRAINT `FK_9474526CB281BE2E` FOREIGN KEY (`trick_id`) REFERENCES `trick` (`id`);

--
-- Constraints for table `token`
--
ALTER TABLE `token`
  ADD CONSTRAINT `FK_5F37A13BA76ED395` FOREIGN KEY (`user_id`) REFERENCES `user` (`id`);

--
-- Constraints for table `trick`
--
ALTER TABLE `trick`
  ADD CONSTRAINT `FK_D8F0A91E40978B2A` FOREIGN KEY (`picture_default_id`) REFERENCES `picture` (`id`),
  ADD CONSTRAINT `FK_D8F0A91E9C71FA8B` FOREIGN KEY (`trick_category_id`) REFERENCES `category` (`id`),
  ADD CONSTRAINT `FK_D8F0A91EA76ED395` FOREIGN KEY (`user_id`) REFERENCES `user` (`id`);

--
-- Constraints for table `trick_picture`
--
ALTER TABLE `trick_picture`
  ADD CONSTRAINT `FK_758636D1B281BE2E` FOREIGN KEY (`trick_id`) REFERENCES `trick` (`id`) ON DELETE CASCADE,
  ADD CONSTRAINT `FK_758636D1EE45BDBF` FOREIGN KEY (`picture_id`) REFERENCES `picture` (`id`) ON DELETE CASCADE;

--
-- Constraints for table `trick_video`
--
ALTER TABLE `trick_video`
  ADD CONSTRAINT `FK_B7E8DA9329C1004E` FOREIGN KEY (`video_id`) REFERENCES `video` (`id`) ON DELETE CASCADE,
  ADD CONSTRAINT `FK_B7E8DA93B281BE2E` FOREIGN KEY (`trick_id`) REFERENCES `trick` (`id`) ON DELETE CASCADE;

--
-- Constraints for table `user`
--
ALTER TABLE `user`
  ADD CONSTRAINT `FK_8D93D649292E8AE2` FOREIGN KEY (`profile_picture_id`) REFERENCES `profile_picture` (`id`);
